page,method,threshold,k,rel_mse
1,method_1,0.5,2,0.21693949401378632
1,method_1,0.51,2,0.21693949401378632
1,method_1,0.52,2,0.21693949401378632
1,method_1,0.53,2,0.21693949401378632
1,method_1,0.54,3,0.1939784586429596
1,method_1,0.55,3,0.1939784586429596
1,method_1,0.56,3,0.1939784586429596
1,method_1,0.5700000000000001,3,0.1939784586429596
1,method_1,0.58,3,0.1939784586429596
1,method_1,0.59,4,0.16384868323802948
1,method_1,0.6,4,0.16384868323802948
1,method_1,0.61,4,0.16384868323802948
1,method_1,0.62,5,0.16325579583644867
1,method_1,0.63,5,0.16325579583644867
1,method_1,0.64,5,0.16325579583644867
1,method_1,0.65,6,0.15228940546512604
1,method_1,0.66,6,0.15228940546512604
1,method_1,0.67,7,0.14107556641101837
1,method_1,0.6799999999999999,7,0.14107556641101837
1,method_1,0.69,8,0.1383971869945526
1,method_1,0.7,8,0.1383971869945526
1,method_1,0.71,9,0.14004799723625183
1,method_1,0.72,9,0.14004799723625183
1,method_1,0.73,10,0.1436724215745926
1,method_1,0.74,11,0.1418183445930481
1,method_1,0.75,11,0.1418183445930481
1,method_1,0.76,12,0.1413639932870865
1,method_1,0.77,13,0.13511121273040771
1,method_1,0.78,14,0.1299828290939331
1,method_1,0.79,15,0.1404866725206375
1,method_1,0.8,15,0.1404866725206375
1,method_1,0.81,16,0.10417161881923676
1,method_1,0.8200000000000001,18,0.09627807885408401
1,method_1,0.8300000000000001,19,0.09299055486917496
1,method_1,0.8400000000000001,20,0.08606473356485367
1,method_1,0.8500000000000001,21,0.08408114314079285
1,method_1,0.86,23,0.08092541992664337
1,method_1,0.87,24,0.07777715474367142
1,method_1,0.88,26,0.07870974391698837
1,method_1,0.89,28,0.0792950764298439
1,method_1,0.9,30,0.05181539058685303
1,method_1,0.91,32,0.05314701795578003
1,method_1,0.9199999999999999,35,0.04486464709043503
1,method_1,0.9299999999999999,37,0.03814738988876343
1,method_1,0.94,41,0.031163640320301056
1,method_1,0.95,44,0.027120234444737434
1,method_1,0.96,49,0.023435987532138824
1,method_1,0.97,55,0.02241649478673935
1,method_1,0.98,63,0.013823101297020912
1,method_1,0.99,76,0.0067036449909210205
1,method_2,0.5,6,0.24350637197494507
1,method_2,0.51,6,0.24350637197494507
1,method_2,0.52,7,0.23742569983005524
1,method_2,0.53,7,0.23742569983005524
1,method_2,0.54,7,0.23742569983005524
1,method_2,0.55,7,0.23742569983005524
1,method_2,0.56,8,0.21048274636268616
1,method_2,0.5700000000000001,8,0.21048274636268616
1,method_2,0.58,9,0.20087312161922455
1,method_2,0.59,9,0.20087312161922455
1,method_2,0.6,9,0.20087312161922455
1,method_2,0.61,10,0.20192348957061768
1,method_2,0.62,10,0.20192348957061768
1,method_2,0.63,11,0.18720252811908722
1,method_2,0.64,11,0.18720252811908722
1,method_2,0.65,12,0.18920548260211945
1,method_2,0.66,12,0.18920548260211945
1,method_2,0.67,13,0.1838286817073822
1,method_2,0.6799999999999999,13,0.1838286817073822
1,method_2,0.69,14,0.1792021244764328
1,method_2,0.7,15,0.18823209404945374
1,method_2,0.71,15,0.18823209404945374
1,method_2,0.72,16,0.157212495803833
1,method_2,0.73,17,0.15121567249298096
1,method_2,0.74,17,0.15121567249298096
1,method_2,0.75,18,0.14619216322898865
1,method_2,0.76,19,0.1398494839668274
1,method_2,0.77,20,0.13341137766838074
1,method_2,0.78,21,0.1310918629169464
1,method_2,0.79,22,0.12405616044998169
1,method_2,0.8,23,0.12006806582212448
1,method_2,0.81,24,0.11697231978178024
1,method_2,0.8200000000000001,25,0.11410877108573914
1,method_2,0.8300000000000001,26,0.1146187037229538
1,method_2,0.8400000000000001,28,0.11340031027793884
1,method_2,0.8500000000000001,29,0.10373485833406448
1,method_2,0.86,31,0.08673061430454254
1,method_2,0.87,33,0.08684368431568146
1,method_2,0.88,34,0.07948107272386551
1,method_2,0.89,36,0.07168849557638168
1,method_2,0.9,39,0.0614074282348156
1,method_2,0.91,41,0.05283847451210022
1,method_2,0.9199999999999999,44,0.04408285766839981
1,method_2,0.9299999999999999,47,0.040389079600572586
1,method_2,0.94,50,0.035754717886447906
1,method_2,0.95,55,0.031908560544252396
1,method_2,0.96,60,0.02642849273979664
1,method_2,0.97,65,0.017978811636567116
1,method_2,0.98,73,0.01183044258505106
1,method_2,0.99,85,0.005589974112808704
1,method_3,0.5,2,0.36252111196517944
1,method_3,0.51,2,0.36252111196517944
1,method_3,0.52,2,0.36252111196517944
1,method_3,0.53,3,0.2798931300640106
1,method_3,0.54,3,0.2798931300640106
1,method_3,0.55,3,0.2798931300640106
1,method_3,0.56,3,0.2798931300640106
1,method_3,0.5700000000000001,3,0.2798931300640106
1,method_3,0.58,4,0.22861424088478088
1,method_3,0.59,4,0.22861424088478088
1,method_3,0.6,4,0.22861424088478088
1,method_3,0.61,4,0.22861424088478088
1,method_3,0.62,5,0.22177542746067047
1,method_3,0.63,5,0.22177542746067047
1,method_3,0.64,6,0.2056516706943512
1,method_3,0.65,6,0.2056516706943512
1,method_3,0.66,6,0.2056516706943512
1,method_3,0.67,7,0.19539353251457214
1,method_3,0.6799999999999999,7,0.19539353251457214
1,method_3,0.69,8,0.18386679887771606
1,method_3,0.7,8,0.18386679887771606
1,method_3,0.71,9,0.18284304440021515
1,method_3,0.72,10,0.19368501007556915
1,method_3,0.73,10,0.19368501007556915
1,method_3,0.74,11,0.19165579974651337
1,method_3,0.75,12,0.1921752542257309
1,method_3,0.76,12,0.1921752542257309
1,method_3,0.77,13,0.18901076912879944
1,method_3,0.78,14,0.18143682181835175
1,method_3,0.79,15,0.18419653177261353
1,method_3,0.8,16,0.14416258037090302
1,method_3,0.81,17,0.13879886269569397
1,method_3,0.8200000000000001,18,0.13273662328720093
1,method_3,0.8300000000000001,19,0.12814761698246002
1,method_3,0.8400000000000001,20,0.12451576441526413
1,method_3,0.8500000000000001,22,0.11749377101659775
1,method_3,0.86,23,0.11166516691446304
1,method_3,0.87,25,0.10817711800336838
1,method_3,0.88,26,0.11047692596912384
1,method_3,0.89,28,0.10462548583745956
1,method_3,0.9,30,0.08276916295289993
1,method_3,0.91,33,0.0825762078166008
1,method_3,0.9199999999999999,35,0.07203727215528488
1,method_3,0.9299999999999999,38,0.06215353682637215
1,method_3,0.94,41,0.05479798838496208
1,method_3,0.95,45,0.05037714168429375
1,method_3,0.96,50,0.04508468508720398
1,method_3,0.97,56,0.041101887822151184
1,method_3,0.98,65,0.030615996569395065
1,method_3,0.99,78,0.023399008437991142
1,method_4,0.5,6,0.20510849356651306
1,method_4,0.51,6,0.20510849356651306
1,method_4,0.52,7,0.1907675415277481
1,method_4,0.53,7,0.1907675415277481
1,method_4,0.54,7,0.1907675415277481
1,method_4,0.55,7,0.1907675415277481
1,method_4,0.56,8,0.161675363779068
1,method_4,0.5700000000000001,8,0.161675363779068
1,method_4,0.58,9,0.14556367695331573
1,method_4,0.59,9,0.14556367695331573
1,method_4,0.6,9,0.14556367695331573
1,method_4,0.61,10,0.13636548817157745
1,method_4,0.62,10,0.13636548817157745
1,method_4,0.63,11,0.12006288766860962
1,method_4,0.64,11,0.12006288766860962
1,method_4,0.65,12,0.11514236032962799
1,method_4,0.66,12,0.11514236032962799
1,method_4,0.67,13,0.11285196989774704
1,method_4,0.6799999999999999,13,0.11285196989774704
1,method_4,0.69,14,0.10716724395751953
1,method_4,0.7,15,0.10417862981557846
1,method_4,0.71,15,0.10417862981557846
1,method_4,0.72,16,0.09903212636709213
1,method_4,0.73,17,0.09570454061031342
1,method_4,0.74,17,0.09570454061031342
1,method_4,0.75,18,0.08964799344539642
1,method_4,0.76,19,0.08203680068254471
1,method_4,0.77,20,0.07901594787836075
1,method_4,0.78,21,0.07617393136024475
1,method_4,0.79,22,0.07049912959337234
1,method_4,0.8,23,0.06633714586496353
1,method_4,0.81,24,0.06519615650177002
1,method_4,0.8200000000000001,25,0.06335656344890594
1,method_4,0.8300000000000001,26,0.06087484210729599
1,method_4,0.8400000000000001,28,0.056278523057699203
1,method_4,0.8500000000000001,29,0.05315110832452774
1,method_4,0.86,31,0.04786853864789009
1,method_4,0.87,33,0.045002590864896774
1,method_4,0.88,34,0.043729666620492935
1,method_4,0.89,36,0.037770044058561325
1,method_4,0.9,39,0.032046254724264145
1,method_4,0.91,41,0.027849994599819183
1,method_4,0.9199999999999999,44,0.0214507095515728
1,method_4,0.9299999999999999,47,0.01828598976135254
1,method_4,0.94,50,0.01489404495805502
1,method_4,0.95,55,0.01196853443980217
1,method_4,0.96,60,0.009567259810864925
1,method_4,0.97,65,0.006810994818806648
1,method_4,0.98,73,0.004336731508374214
1,method_4,0.99,85,0.0020046173594892025
2,method_1,0.5,2,0.23294304311275482
2,method_1,0.51,2,0.23294304311275482
2,method_1,0.52,3,0.19958710670471191
2,method_1,0.53,3,0.19958710670471191
2,method_1,0.54,3,0.19958710670471191
2,method_1,0.55,3,0.19958710670471191
2,method_1,0.56,4,0.19432921707630157
2,method_1,0.5700000000000001,4,0.19432921707630157
2,method_1,0.58,4,0.19432921707630157
2,method_1,0.59,5,0.18096677958965302
2,method_1,0.6,5,0.18096677958965302
2,method_1,0.61,6,0.16206200420856476
2,method_1,0.62,6,0.16206200420856476
2,method_1,0.63,7,0.15884742140769958
2,method_1,0.64,7,0.15884742140769958
2,method_1,0.65,8,0.1571928858757019
2,method_1,0.66,8,0.1571928858757019
2,method_1,0.67,9,0.15540367364883423
2,method_1,0.6799999999999999,10,0.1476098746061325
2,method_1,0.69,10,0.1476098746061325
2,method_1,0.7,11,0.14068639278411865
2,method_1,0.71,12,0.13410452008247375
2,method_1,0.72,13,0.13839446008205414
2,method_1,0.73,14,0.13297538459300995
2,method_1,0.74,15,0.12638653814792633
2,method_1,0.75,16,0.11236684769392014
2,method_1,0.76,17,0.11286865919828415
2,method_1,0.77,18,0.11423507332801819
2,method_1,0.78,19,0.1069677472114563
2,method_1,0.79,21,0.0923801064491272
2,method_1,0.8,22,0.08985534310340881
2,method_1,0.81,23,0.08830620348453522
2,method_1,0.8200000000000001,25,0.08783548325300217
2,method_1,0.8300000000000001,27,0.08158309012651443
2,method_1,0.8400000000000001,28,0.07683142274618149
2,method_1,0.8500000000000001,30,0.07154424488544464
2,method_1,0.86,32,0.06865229457616806
2,method_1,0.87,34,0.06614203751087189
2,method_1,0.88,36,0.07097510248422623
2,method_1,0.89,38,0.07013306766748428
2,method_1,0.9,41,0.06437423080205917
2,method_1,0.91,44,0.05774082615971565
2,method_1,0.9199999999999999,47,0.05597390606999397
2,method_1,0.9299999999999999,50,0.05446147918701172
2,method_1,0.94,54,0.04755372181534767
2,method_1,0.95,59,0.038679249584674835
2,method_1,0.96,64,0.03218608722090721
2,method_1,0.97,71,0.01941373571753502
2,method_1,0.98,81,0.014513768255710602
2,method_1,0.99,94,0.007126938086003065
2,method_2,0.5,7,0.23855462670326233
2,method_2,0.51,7,0.23855462670326233
2,method_2,0.52,8,0.23685772716999054
2,method_2,0.53,8,0.23685772716999054
2,method_2,0.54,8,0.23685772716999054
2,method_2,0.55,9,0.21092914044857025
2,method_2,0.56,9,0.21092914044857025
2,method_2,0.5700000000000001,10,0.19484804570674896
2,method_2,0.58,10,0.19484804570674896
2,method_2,0.59,11,0.1804833710193634
2,method_2,0.6,11,0.1804833710193634
2,method_2,0.61,12,0.17273035645484924
2,method_2,0.62,12,0.17273035645484924
2,method_2,0.63,13,0.1784415990114212
2,method_2,0.64,13,0.1784415990114212
2,method_2,0.65,14,0.17077627778053284
2,method_2,0.66,15,0.16193655133247375
2,method_2,0.67,15,0.16193655133247375
2,method_2,0.6799999999999999,16,0.1445121318101883
2,method_2,0.69,17,0.14169293642044067
2,method_2,0.7,18,0.13971064984798431
2,method_2,0.71,19,0.13612358272075653
2,method_2,0.72,19,0.13612358272075653
2,method_2,0.73,20,0.12606263160705566
2,method_2,0.74,21,0.12633854150772095
2,method_2,0.75,22,0.12222489714622498
2,method_2,0.76,24,0.11781655997037888
2,method_2,0.77,25,0.11805121600627899
2,method_2,0.78,26,0.1133982390165329
2,method_2,0.79,27,0.1104084700345993
2,method_2,0.8,29,0.103365458548069
2,method_2,0.81,30,0.0977657362818718
2,method_2,0.8200000000000001,32,0.0941377505660057
2,method_2,0.8300000000000001,34,0.08876967430114746
2,method_2,0.8400000000000001,35,0.08923383802175522
2,method_2,0.8500000000000001,37,0.09035057574510574
2,method_2,0.86,39,0.0829155445098877
2,method_2,0.87,42,0.07623593509197235
2,method_2,0.88,44,0.07309537380933762
2,method_2,0.89,46,0.071438729763031
2,method_2,0.9,49,0.06749612838029861
2,method_2,0.91,52,0.06149190664291382
2,method_2,0.9199999999999999,56,0.05214396491646767
2,method_2,0.9299999999999999,59,0.0481378510594368
2,method_2,0.94,64,0.04036663472652435
2,method_2,0.95,69,0.029994072392582893
2,method_2,0.96,74,0.02638702653348446
2,method_2,0.97,81,0.01884518377482891
2,method_2,0.98,90,0.012195671908557415
2,method_2,0.99,103,0.0061382511630654335
2,method_3,0.5,2,0.33631035685539246
2,method_3,0.51,2,0.33631035685539246
2,method_3,0.52,3,0.27617108821868896
2,method_3,0.53,3,0.27617108821868896
2,method_3,0.54,3,0.27617108821868896
2,method_3,0.55,4,0.26239460706710815
2,method_3,0.56,4,0.26239460706710815
2,method_3,0.5700000000000001,4,0.26239460706710815
2,method_3,0.58,5,0.23210212588310242
2,method_3,0.59,5,0.23210212588310242
2,method_3,0.6,5,0.23210212588310242
2,method_3,0.61,6,0.21773169934749603
2,method_3,0.62,6,0.21773169934749603
2,method_3,0.63,7,0.21246089041233063
2,method_3,0.64,7,0.21246089041233063
2,method_3,0.65,8,0.21443435549736023
2,method_3,0.66,8,0.21443435549736023
2,method_3,0.67,9,0.21564461290836334
2,method_3,0.6799999999999999,10,0.17744365334510803
2,method_3,0.69,11,0.1728912740945816
2,method_3,0.7,11,0.1728912740945816
2,method_3,0.71,12,0.15921612083911896
2,method_3,0.72,13,0.15955321490764618
2,method_3,0.73,14,0.15657547116279602
2,method_3,0.74,15,0.1481083780527115
2,method_3,0.75,16,0.1323578655719757
2,method_3,0.76,17,0.1291533261537552
2,method_3,0.77,18,0.12659206986427307
2,method_3,0.78,20,0.12261325120925903
2,method_3,0.79,21,0.1222279965877533
2,method_3,0.8,22,0.11833707988262177
2,method_3,0.81,24,0.11675779521465302
2,method_3,0.8200000000000001,25,0.11486002802848816
2,method_3,0.8300000000000001,27,0.11079808324575424
2,method_3,0.8400000000000001,29,0.10501238703727722
2,method_3,0.8500000000000001,30,0.10538734495639801
2,method_3,0.86,32,0.09999845921993256
2,method_3,0.87,34,0.09634058177471161
2,method_3,0.88,37,0.09961652755737305
2,method_3,0.89,39,0.09637186676263809
2,method_3,0.9,42,0.08820938318967819
2,method_3,0.91,44,0.08463317900896072
2,method_3,0.9199999999999999,48,0.08223148435354233
2,method_3,0.9299999999999999,51,0.07691990584135056
2,method_3,0.94,55,0.06586630642414093
2,method_3,0.95,60,0.05696268007159233
2,method_3,0.96,66,0.050146009773015976
2,method_3,0.97,73,0.04294632002711296
2,method_3,0.98,83,0.03478625789284706
2,method_3,0.99,97,0.026788702234625816
2,method_4,0.5,7,0.17148509621620178
2,method_4,0.51,7,0.17148509621620178
2,method_4,0.52,8,0.16711564362049103
2,method_4,0.53,8,0.16711564362049103
2,method_4,0.54,8,0.16711564362049103
2,method_4,0.55,9,0.14115554094314575
2,method_4,0.56,9,0.14115554094314575
2,method_4,0.5700000000000001,10,0.12844422459602356
2,method_4,0.58,10,0.12844422459602356
2,method_4,0.59,11,0.11305659264326096
2,method_4,0.6,11,0.11305659264326096
2,method_4,0.61,12,0.10741329938173294
2,method_4,0.62,12,0.10741329938173294
2,method_4,0.63,13,0.10093089193105698
2,method_4,0.64,13,0.10093089193105698
2,method_4,0.65,14,0.09623951464891434
2,method_4,0.66,15,0.09284771978855133
2,method_4,0.67,15,0.09284771978855133
2,method_4,0.6799999999999999,16,0.08392051607370377
2,method_4,0.69,17,0.0802987813949585
2,method_4,0.7,18,0.07443490624427795
2,method_4,0.71,19,0.072604238986969
2,method_4,0.72,19,0.072604238986969
2,method_4,0.73,20,0.07017873227596283
2,method_4,0.74,21,0.06601584702730179
2,method_4,0.75,22,0.06155311316251755
2,method_4,0.76,24,0.058149538934230804
2,method_4,0.77,25,0.05663594976067543
2,method_4,0.78,26,0.05467189848423004
2,method_4,0.79,27,0.05270940810441971
2,method_4,0.8,29,0.04992067068815231
2,method_4,0.81,30,0.04696747288107872
2,method_4,0.8200000000000001,32,0.04448438435792923
2,method_4,0.8300000000000001,34,0.04025723785161972
2,method_4,0.8400000000000001,35,0.03803803026676178
2,method_4,0.8500000000000001,37,0.036106888204813004
2,method_4,0.86,39,0.03130468353629112
2,method_4,0.87,42,0.02882557362318039
2,method_4,0.88,44,0.026895824819803238
2,method_4,0.89,46,0.023850131779909134
2,method_4,0.9,49,0.021659258753061295
2,method_4,0.91,52,0.01935661770403385
2,method_4,0.9199999999999999,56,0.016586381942033768
2,method_4,0.9299999999999999,59,0.013951355591416359
2,method_4,0.94,64,0.011277412995696068
2,method_4,0.95,69,0.009467900730669498
2,method_4,0.96,74,0.007478942628949881
2,method_4,0.97,81,0.005121690686792135
2,method_4,0.98,90,0.00342223490588367
2,method_4,0.99,103,0.001472694450058043
3,method_1,0.5,3,0.2339891791343689
3,method_1,0.51,4,0.23441718518733978
3,method_1,0.52,4,0.23441718518733978
3,method_1,0.53,4,0.23441718518733978
3,method_1,0.54,5,0.21723127365112305
3,method_1,0.55,5,0.21723127365112305
3,method_1,0.56,6,0.2077435404062271
3,method_1,0.5700000000000001,6,0.2077435404062271
3,method_1,0.58,6,0.2077435404062271
3,method_1,0.59,7,0.20335696637630463
3,method_1,0.6,7,0.20335696637630463
3,method_1,0.61,8,0.18252348899841309
3,method_1,0.62,8,0.18252348899841309
3,method_1,0.63,9,0.17135047912597656
3,method_1,0.64,10,0.14817605912685394
3,method_1,0.65,10,0.14817605912685394
3,method_1,0.66,11,0.1441470831632614
3,method_1,0.67,12,0.14516451954841614
3,method_1,0.6799999999999999,12,0.14516451954841614
3,method_1,0.69,13,0.1379656344652176
3,method_1,0.7,14,0.13159948587417603
3,method_1,0.71,15,0.12641358375549316
3,method_1,0.72,16,0.12432271987199783
3,method_1,0.73,17,0.12441089004278183
3,method_1,0.74,18,0.13043977320194244
3,method_1,0.75,19,0.12665176391601562
3,method_1,0.76,21,0.1218034029006958
3,method_1,0.77,22,0.12419581413269043
3,method_1,0.78,23,0.11952287703752518
3,method_1,0.79,24,0.1165529265999794
3,method_1,0.8,26,0.11303245276212692
3,method_1,0.81,27,0.10261791199445724
3,method_1,0.8200000000000001,29,0.11033409833908081
3,method_1,0.8300000000000001,31,0.10563033074140549
3,method_1,0.8400000000000001,32,0.10159501433372498
3,method_1,0.8500000000000001,34,0.08929839730262756
3,method_1,0.86,36,0.08540718257427216
3,method_1,0.87,38,0.07939009368419647
3,method_1,0.88,41,0.07498500496149063
3,method_1,0.89,43,0.06882593035697937
3,method_1,0.9,46,0.07032281160354614
3,method_1,0.91,49,0.05655626952648163
3,method_1,0.9199999999999999,52,0.05422952398657799
3,method_1,0.9299999999999999,56,0.043911565095186234
3,method_1,0.94,60,0.04016541689634323
3,method_1,0.95,65,0.03689566254615784
3,method_1,0.96,70,0.03362828865647316
3,method_1,0.97,77,0.018997248262166977
3,method_1,0.98,87,0.014152726158499718
3,method_1,0.99,100,0.00704938406124711
3,method_2,0.5,8,0.2765378952026367
3,method_2,0.51,9,0.2620106339454651
3,method_2,0.52,9,0.2620106339454651
3,method_2,0.53,10,0.22038297355175018
3,method_2,0.54,10,0.22038297355175018
3,method_2,0.55,11,0.2092536836862564
3,method_2,0.56,11,0.2092536836862564
3,method_2,0.5700000000000001,12,0.20287655293941498
3,method_2,0.58,12,0.20287655293941498
3,method_2,0.59,13,0.19498519599437714
3,method_2,0.6,13,0.19498519599437714
3,method_2,0.61,14,0.18703250586986542
3,method_2,0.62,15,0.18480028212070465
3,method_2,0.63,15,0.18480028212070465
3,method_2,0.64,16,0.18201471865177155
3,method_2,0.65,17,0.17970794439315796
3,method_2,0.66,17,0.17970794439315796
3,method_2,0.67,18,0.18569296598434448
3,method_2,0.6799999999999999,19,0.1819814294576645
3,method_2,0.69,20,0.17615558207035065
3,method_2,0.7,21,0.17506097257137299
3,method_2,0.71,22,0.17392036318778992
3,method_2,0.72,23,0.16808849573135376
3,method_2,0.73,24,0.15937896072864532
3,method_2,0.74,25,0.15637600421905518
3,method_2,0.75,26,0.1524745523929596
3,method_2,0.76,27,0.14156277477741241
3,method_2,0.77,28,0.14599816501140594
3,method_2,0.78,30,0.14369109272956848
3,method_2,0.79,31,0.14099347591400146
3,method_2,0.8,33,0.1321364790201187
3,method_2,0.81,34,0.12281584739685059
3,method_2,0.8200000000000001,36,0.11620236188173294
3,method_2,0.8300000000000001,38,0.10743995755910873
3,method_2,0.8400000000000001,40,0.10326790809631348
3,method_2,0.8500000000000001,42,0.09347100555896759
3,method_2,0.86,44,0.0936957523226738
3,method_2,0.87,46,0.09126470983028412
3,method_2,0.88,48,0.07976353913545609
3,method_2,0.89,51,0.07525859028100967
3,method_2,0.9,54,0.07212438434362411
3,method_2,0.91,57,0.05867856368422508
3,method_2,0.9199999999999999,60,0.05631987750530243
3,method_2,0.9299999999999999,64,0.0508861318230629
3,method_2,0.94,69,0.046588074415922165
3,method_2,0.95,74,0.03251022472977638
3,method_2,0.96,80,0.02803928591310978
3,method_2,0.97,86,0.021135853603482246
3,method_2,0.98,95,0.013949684798717499
3,method_2,0.99,107,0.005846198182553053
3,method_3,0.5,3,0.34767743945121765
3,method_3,0.51,4,0.3427826762199402
3,method_3,0.52,4,0.3427826762199402
3,method_3,0.53,4,0.3427826762199402
3,method_3,0.54,5,0.2909058928489685
3,method_3,0.55,5,0.2909058928489685
3,method_3,0.56,6,0.2731790542602539
3,method_3,0.5700000000000001,6,0.2731790542602539
3,method_3,0.58,6,0.2731790542602539
3,method_3,0.59,7,0.26225340366363525
3,method_3,0.6,7,0.26225340366363525
3,method_3,0.61,8,0.25074729323387146
3,method_3,0.62,8,0.25074729323387146
3,method_3,0.63,9,0.23547232151031494
3,method_3,0.64,10,0.20415839552879333
3,method_3,0.65,10,0.20415839552879333
3,method_3,0.66,11,0.20033088326454163
3,method_3,0.67,12,0.19513039290905
3,method_3,0.6799999999999999,13,0.18704211711883545
3,method_3,0.69,14,0.17146903276443481
3,method_3,0.7,14,0.17146903276443481
3,method_3,0.71,15,0.16551493108272552
3,method_3,0.72,16,0.16347837448120117
3,method_3,0.73,17,0.16549132764339447
3,method_3,0.74,19,0.16609102487564087
3,method_3,0.75,20,0.16373516619205475
3,method_3,0.76,21,0.16144442558288574
3,method_3,0.77,22,0.15822449326515198
3,method_3,0.78,24,0.15771687030792236
3,method_3,0.79,25,0.15292255580425262
3,method_3,0.8,26,0.15054447948932648
3,method_3,0.81,28,0.1455283761024475
3,method_3,0.8200000000000001,29,0.1461239904165268
3,method_3,0.8300000000000001,31,0.137649267911911
3,method_3,0.8400000000000001,33,0.1341111809015274
3,method_3,0.8500000000000001,35,0.1250840276479721
3,method_3,0.86,37,0.12015275657176971
3,method_3,0.87,39,0.11702267080545425
3,method_3,0.88,41,0.11317349970340729
3,method_3,0.89,44,0.1081615537405014
3,method_3,0.9,47,0.10238466411828995
3,method_3,0.91,50,0.09473063796758652
3,method_3,0.9199999999999999,53,0.09406398981809616
3,method_3,0.9299999999999999,57,0.08271214365959167
3,method_3,0.94,61,0.08142104744911194
3,method_3,0.95,66,0.07721272855997086
3,method_3,0.96,72,0.07189769297838211
3,method_3,0.97,79,0.05858053267002106
3,method_3,0.98,89,0.048947032541036606
3,method_3,0.99,103,0.037322334945201874
3,method_4,0.5,8,0.197945699095726
3,method_4,0.51,9,0.18791890144348145
3,method_4,0.52,9,0.18791890144348145
3,method_4,0.53,10,0.15713606774806976
3,method_4,0.54,10,0.15713606774806976
3,method_4,0.55,11,0.14468851685523987
3,method_4,0.56,11,0.14468851685523987
3,method_4,0.5700000000000001,12,0.13193942606449127
3,method_4,0.58,12,0.13193942606449127
3,method_4,0.59,13,0.12824876606464386
3,method_4,0.6,13,0.12824876606464386
3,method_4,0.61,14,0.1222122460603714
3,method_4,0.62,15,0.11744572222232819
3,method_4,0.63,15,0.11744572222232819
3,method_4,0.64,16,0.11442524194717407
3,method_4,0.65,17,0.10964702814817429
3,method_4,0.66,17,0.10964702814817429
3,method_4,0.67,18,0.10601060837507248
3,method_4,0.6799999999999999,19,0.1017751470208168
3,method_4,0.69,20,0.09809156507253647
3,method_4,0.7,21,0.09567722678184509
3,method_4,0.71,22,0.09227166324853897
3,method_4,0.72,23,0.08865150809288025
3,method_4,0.73,24,0.08151818066835403
3,method_4,0.74,25,0.07942598313093185
3,method_4,0.75,26,0.07454682141542435
3,method_4,0.76,27,0.07192640006542206
3,method_4,0.77,28,0.07054835557937622
3,method_4,0.78,30,0.06572843343019485
3,method_4,0.79,31,0.06425588577985764
3,method_4,0.8,33,0.05855365842580795
3,method_4,0.81,34,0.05738900601863861
3,method_4,0.8200000000000001,36,0.05443913862109184
3,method_4,0.8300000000000001,38,0.04833375662565231
3,method_4,0.8400000000000001,40,0.04587850719690323
3,method_4,0.8500000000000001,42,0.0418584868311882
3,method_4,0.86,44,0.03828457370400429
3,method_4,0.87,46,0.03549576923251152
3,method_4,0.88,48,0.03377559781074524
3,method_4,0.89,51,0.030573122203350067
3,method_4,0.9,54,0.026941467076539993
3,method_4,0.91,57,0.024244241416454315
3,method_4,0.9199999999999999,60,0.021583903580904007
3,method_4,0.9299999999999999,64,0.0178300142288208
3,method_4,0.94,69,0.015714162960648537
3,method_4,0.95,74,0.013232467696070671
3,method_4,0.96,80,0.009662824682891369
3,method_4,0.97,86,0.007648606784641743
3,method_4,0.98,95,0.005051739979535341
3,method_4,0.99,107,0.002070579444989562
4,method_1,0.5,2,0.2560581862926483
4,method_1,0.51,3,0.2536413371562958
4,method_1,0.52,3,0.2536413371562958
4,method_1,0.53,3,0.2536413371562958
4,method_1,0.54,3,0.2536413371562958
4,method_1,0.55,4,0.2370792031288147
4,method_1,0.56,4,0.2370792031288147
4,method_1,0.5700000000000001,4,0.2370792031288147
4,method_1,0.58,5,0.23577946424484253
4,method_1,0.59,5,0.23577946424484253
4,method_1,0.6,6,0.24269409477710724
4,method_1,0.61,6,0.24269409477710724
4,method_1,0.62,7,0.26055651903152466
4,method_1,0.63,7,0.26055651903152466
4,method_1,0.64,8,0.19191685318946838
4,method_1,0.65,8,0.19191685318946838
4,method_1,0.66,9,0.18352696299552917
4,method_1,0.67,9,0.18352696299552917
4,method_1,0.6799999999999999,10,0.17881299555301666
4,method_1,0.69,11,0.17869414389133453
4,method_1,0.7,12,0.17290501296520233
4,method_1,0.71,13,0.16376656293869019
4,method_1,0.72,14,0.143045574426651
4,method_1,0.73,15,0.14190013706684113
4,method_1,0.74,16,0.1400231570005417
4,method_1,0.75,17,0.13213439285755157
4,method_1,0.76,18,0.13367749750614166
4,method_1,0.77,19,0.12768332660198212
4,method_1,0.78,20,0.12276467680931091
4,method_1,0.79,22,0.11613672226667404
4,method_1,0.8,23,0.11530062556266785
4,method_1,0.81,25,0.11568011343479156
4,method_1,0.8200000000000001,26,0.11829724907875061
4,method_1,0.8300000000000001,28,0.11835234612226486
4,method_1,0.8400000000000001,30,0.11330651491880417
4,method_1,0.8500000000000001,32,0.10735319554805756
4,method_1,0.86,34,0.11350768059492111
4,method_1,0.87,36,0.10523509979248047
4,method_1,0.88,38,0.10405665636062622
4,method_1,0.89,41,0.08261820673942566
4,method_1,0.9,44,0.08076395839452744
4,method_1,0.91,47,0.0625879243016243
4,method_1,0.9199999999999999,50,0.05704411864280701
4,method_1,0.9299999999999999,54,0.055241987109184265
4,method_1,0.94,58,0.04202849417924881
4,method_1,0.95,63,0.033209219574928284
4,method_1,0.96,69,0.02490347996354103
4,method_1,0.97,76,0.017744947224855423
4,method_1,0.98,86,0.012721577659249306
4,method_1,0.99,99,0.008243696764111519
4,method_2,0.5,9,0.2810323238372803
4,method_2,0.51,9,0.2810323238372803
4,method_2,0.52,9,0.2810323238372803
4,method_2,0.53,10,0.27182602882385254
4,method_2,0.54,10,0.27182602882385254
4,method_2,0.55,11,0.2566784918308258
4,method_2,0.56,11,0.2566784918308258
4,method_2,0.5700000000000001,12,0.24928443133831024
4,method_2,0.58,12,0.24928443133831024
4,method_2,0.59,13,0.2271755486726761
4,method_2,0.6,14,0.20798033475875854
4,method_2,0.61,14,0.20798033475875854
4,method_2,0.62,15,0.20463521778583527
4,method_2,0.63,16,0.19724851846694946
4,method_2,0.64,16,0.19724851846694946
4,method_2,0.65,17,0.19021984934806824
4,method_2,0.66,18,0.18325310945510864
4,method_2,0.67,19,0.17690667510032654
4,method_2,0.6799999999999999,20,0.17334739863872528
4,method_2,0.69,20,0.17334739863872528
4,method_2,0.7,21,0.1657588630914688
4,method_2,0.71,22,0.16431213915348053
4,method_2,0.72,23,0.16278456151485443
4,method_2,0.73,24,0.16221784055233002
4,method_2,0.74,25,0.16027617454528809
4,method_2,0.75,27,0.15593264997005463
4,method_2,0.76,28,0.15499497950077057
4,method_2,0.77,29,0.15123848617076874
4,method_2,0.78,30,0.14687193930149078
4,method_2,0.79,32,0.13952837884426117
4,method_2,0.8,33,0.14384005963802338
4,method_2,0.81,35,0.14390571415424347
4,method_2,0.8200000000000001,36,0.13423451781272888
4,method_2,0.8300000000000001,38,0.13042037189006805
4,method_2,0.8400000000000001,40,0.11632747948169708
4,method_2,0.8500000000000001,42,0.10337676107883453
4,method_2,0.86,44,0.10265374928712845
4,method_2,0.87,47,0.08318895101547241
4,method_2,0.88,49,0.08060692250728607
4,method_2,0.89,52,0.07338014990091324
4,method_2,0.9,55,0.06185988336801529
4,method_2,0.91,58,0.05763734504580498
4,method_2,0.9199999999999999,61,0.04769338667392731
4,method_2,0.9299999999999999,65,0.04514475539326668
4,method_2,0.94,70,0.03597208485007286
4,method_2,0.95,75,0.030026942491531372
4,method_2,0.96,80,0.025205222889780998
4,method_2,0.97,87,0.017573945224285126
4,method_2,0.98,96,0.01291713397949934
4,method_2,0.99,107,0.007249722722917795
4,method_3,0.5,2,0.3930196464061737
4,method_3,0.51,3,0.3808780610561371
4,method_3,0.52,3,0.3808780610561371
4,method_3,0.53,3,0.3808780610561371
4,method_3,0.54,4,0.33688685297966003
4,method_3,0.55,4,0.33688685297966003
4,method_3,0.56,4,0.33688685297966003
4,method_3,0.5700000000000001,5,0.29688072204589844
4,method_3,0.58,5,0.29688072204589844
4,method_3,0.59,5,0.29688072204589844
4,method_3,0.6,6,0.3010425269603729
4,method_3,0.61,6,0.3010425269603729
4,method_3,0.62,7,0.3066108822822571
4,method_3,0.63,7,0.3066108822822571
4,method_3,0.64,8,0.255405068397522
4,method_3,0.65,8,0.255405068397522
4,method_3,0.66,9,0.25339433550834656
4,method_3,0.67,10,0.24026687443256378
4,method_3,0.6799999999999999,10,0.24026687443256378
4,method_3,0.69,11,0.234747976064682
4,method_3,0.7,12,0.2283993512392044
4,method_3,0.71,13,0.2124452292919159
4,method_3,0.72,14,0.1998506784439087
4,method_3,0.73,15,0.19307662546634674
4,method_3,0.74,16,0.1922781616449356
4,method_3,0.75,17,0.18508702516555786
4,method_3,0.76,18,0.17978176474571228
4,method_3,0.77,19,0.17632636427879333
4,method_3,0.78,21,0.16910716891288757
4,method_3,0.79,22,0.16897612810134888
4,method_3,0.8,24,0.15775452554225922
4,method_3,0.81,25,0.14760257303714752
4,method_3,0.8200000000000001,27,0.14522042870521545
4,method_3,0.8300000000000001,28,0.14530403912067413
4,method_3,0.8400000000000001,30,0.14215382933616638
4,method_3,0.8500000000000001,32,0.1379101723432541
4,method_3,0.86,34,0.13897930085659027
4,method_3,0.87,37,0.13360793888568878
4,method_3,0.88,39,0.12385404855012894
4,method_3,0.89,42,0.11634338647127151
4,method_3,0.9,44,0.11502852290868759
4,method_3,0.91,48,0.100977823138237
4,method_3,0.9199999999999999,51,0.09683430939912796
4,method_3,0.9299999999999999,55,0.08826602250337601
4,method_3,0.94,59,0.0798308402299881
4,method_3,0.95,65,0.07002249360084534
4,method_3,0.96,71,0.06080532446503639
4,method_3,0.97,78,0.05119030550122261
4,method_3,0.98,88,0.04291722550988197
4,method_3,0.99,102,0.03676190972328186
4,method_4,0.5,9,0.20982222259044647
4,method_4,0.51,9,0.20982222259044647
4,method_4,0.52,9,0.20982222259044647
4,method_4,0.53,10,0.19694533944129944
4,method_4,0.54,10,0.19694533944129944
4,method_4,0.55,11,0.17829054594039917
4,method_4,0.56,11,0.17829054594039917
4,method_4,0.5700000000000001,12,0.17185106873512268
4,method_4,0.58,12,0.17185106873512268
4,method_4,0.59,13,0.15114517509937286
4,method_4,0.6,14,0.14077575504779816
4,method_4,0.61,14,0.14077575504779816
4,method_4,0.62,15,0.13213498890399933
4,method_4,0.63,16,0.1251794844865799
4,method_4,0.64,16,0.1251794844865799
4,method_4,0.65,17,0.11829162389039993
4,method_4,0.66,18,0.10736728459596634
4,method_4,0.67,19,0.10249131917953491
4,method_4,0.6799999999999999,20,0.09959050267934799
4,method_4,0.69,20,0.09959050267934799
4,method_4,0.7,21,0.09458126127719879
4,method_4,0.71,22,0.09190452098846436
4,method_4,0.72,23,0.08954988420009613
4,method_4,0.73,24,0.08528357744216919
4,method_4,0.74,25,0.08351348340511322
4,method_4,0.75,27,0.07324852049350739
4,method_4,0.76,28,0.0709974616765976
4,method_4,0.77,29,0.06732306629419327
4,method_4,0.78,30,0.0654921904206276
4,method_4,0.79,32,0.06100083142518997
4,method_4,0.8,33,0.05839959904551506
4,method_4,0.81,35,0.05375884473323822
4,method_4,0.8200000000000001,36,0.05088996887207031
4,method_4,0.8300000000000001,38,0.046835947781801224
4,method_4,0.8400000000000001,40,0.04326668381690979
4,method_4,0.8500000000000001,42,0.037160467356443405
4,method_4,0.86,44,0.034819040447473526
4,method_4,0.87,47,0.031225113198161125
4,method_4,0.88,49,0.028548909351229668
4,method_4,0.89,52,0.025439590215682983
4,method_4,0.9,55,0.022030510008335114
4,method_4,0.91,58,0.020839368924498558
4,method_4,0.9199999999999999,61,0.018567537888884544
4,method_4,0.9299999999999999,65,0.01618046499788761
4,method_4,0.94,70,0.013473542407155037
4,method_4,0.95,75,0.011318388395011425
4,method_4,0.96,80,0.009649401530623436
4,method_4,0.97,87,0.006711579859256744
4,method_4,0.98,96,0.004111738875508308
4,method_4,0.99,107,0.0019601972308009863
5,method_1,0.5,3,0.27647605538368225
5,method_1,0.51,3,0.27647605538368225
5,method_1,0.52,3,0.27647605538368225
5,method_1,0.53,3,0.27647605538368225
5,method_1,0.54,4,0.2697610855102539
5,method_1,0.55,4,0.2697610855102539
5,method_1,0.56,4,0.2697610855102539
5,method_1,0.5700000000000001,5,0.26427802443504333
5,method_1,0.58,5,0.26427802443504333
5,method_1,0.59,6,0.24753238260746002
5,method_1,0.6,6,0.24753238260746002
5,method_1,0.61,7,0.25079143047332764
5,method_1,0.62,7,0.25079143047332764
5,method_1,0.63,8,0.246474489569664
5,method_1,0.64,8,0.246474489569664
5,method_1,0.65,9,0.24246108531951904
5,method_1,0.66,9,0.24246108531951904
5,method_1,0.67,10,0.23701637983322144
5,method_1,0.6799999999999999,11,0.23678569495677948
5,method_1,0.69,12,0.2369474619626999
5,method_1,0.7,13,0.23273590207099915
5,method_1,0.71,13,0.23273590207099915
5,method_1,0.72,14,0.23430117964744568
5,method_1,0.73,15,0.23214495182037354
5,method_1,0.74,16,0.23075318336486816
5,method_1,0.75,17,0.22436264157295227
5,method_1,0.76,18,0.2095268964767456
5,method_1,0.77,20,0.21403993666172028
5,method_1,0.78,21,0.21146219968795776
5,method_1,0.79,22,0.21339453756809235
5,method_1,0.8,24,0.1862872987985611
5,method_1,0.81,25,0.1837516576051712
5,method_1,0.8200000000000001,27,0.16392065584659576
5,method_1,0.8300000000000001,29,0.1624598652124405
5,method_1,0.8400000000000001,31,0.16504444181919098
5,method_1,0.8500000000000001,33,0.1576138436794281
5,method_1,0.86,35,0.15661384165287018
5,method_1,0.87,37,0.14036749303340912
5,method_1,0.88,39,0.11948855221271515
5,method_1,0.89,42,0.09162061661481857
5,method_1,0.9,45,0.07900997996330261
5,method_1,0.91,48,0.06152370199561119
5,method_1,0.9199999999999999,51,0.058363694697618484
5,method_1,0.9299999999999999,55,0.04553888738155365
5,method_1,0.94,59,0.03930187597870827
5,method_1,0.95,64,0.03341168910264969
5,method_1,0.96,70,0.027385955676436424
5,method_1,0.97,77,0.02401718497276306
5,method_1,0.98,86,0.015436695888638496
5,method_1,0.99,99,0.006308311130851507
5,method_2,0.5,8,0.33142468333244324
5,method_2,0.51,9,0.3281206786632538
5,method_2,0.52,9,0.3281206786632538
5,method_2,0.53,10,0.3148477077484131
5,method_2,0.54,10,0.3148477077484131
5,method_2,0.55,11,0.31254279613494873
5,method_2,0.56,11,0.31254279613494873
5,method_2,0.5700000000000001,12,0.30765479803085327
5,method_2,0.58,12,0.30765479803085327
5,method_2,0.59,13,0.2900894582271576
5,method_2,0.6,13,0.2900894582271576
5,method_2,0.61,14,0.2896827757358551
5,method_2,0.62,15,0.2883048951625824
5,method_2,0.63,15,0.2883048951625824
5,method_2,0.64,16,0.2790736258029938
5,method_2,0.65,17,0.2742556035518646
5,method_2,0.66,18,0.2603000998497009
5,method_2,0.67,18,0.2603000998497009
5,method_2,0.6799999999999999,19,0.2611609101295471
5,method_2,0.69,20,0.2607012689113617
5,method_2,0.7,21,0.2571853697299957
5,method_2,0.71,22,0.2555354833602905
5,method_2,0.72,23,0.24806427955627441
5,method_2,0.73,24,0.22513622045516968
5,method_2,0.74,25,0.21989747881889343
5,method_2,0.75,26,0.2072160840034485
5,method_2,0.76,27,0.2025732547044754
5,method_2,0.77,29,0.1957872062921524
5,method_2,0.78,30,0.19498075544834137
5,method_2,0.79,31,0.19442827999591827
5,method_2,0.8,33,0.18692277371883392
5,method_2,0.81,34,0.18349719047546387
5,method_2,0.8200000000000001,36,0.18475694954395294
5,method_2,0.8300000000000001,38,0.1706220805644989
5,method_2,0.8400000000000001,40,0.12819309532642365
5,method_2,0.8500000000000001,42,0.11844884604215622
5,method_2,0.86,44,0.11011262238025665
5,method_2,0.87,46,0.0985482782125473
5,method_2,0.88,49,0.08277136087417603
5,method_2,0.89,51,0.08052904903888702
5,method_2,0.9,54,0.06987597793340683
5,method_2,0.91,57,0.0662182942032814
5,method_2,0.9199999999999999,61,0.056047942489385605
5,method_2,0.9299999999999999,64,0.04847847670316696
5,method_2,0.94,69,0.0386047288775444
5,method_2,0.95,74,0.03381754457950592
5,method_2,0.96,80,0.029469437897205353
5,method_2,0.97,87,0.021212374791502953
5,method_2,0.98,95,0.011701260693371296
5,method_2,0.99,107,0.005788992624729872
5,method_3,0.5,3,0.36319345235824585
5,method_3,0.51,3,0.36319345235824585
5,method_3,0.52,3,0.36319345235824585
5,method_3,0.53,4,0.3477745056152344
5,method_3,0.54,4,0.3477745056152344
5,method_3,0.55,4,0.3477745056152344
5,method_3,0.56,5,0.3155577778816223
5,method_3,0.5700000000000001,5,0.3155577778816223
5,method_3,0.58,5,0.3155577778816223
5,method_3,0.59,6,0.3030511438846588
5,method_3,0.6,6,0.3030511438846588
5,method_3,0.61,7,0.29092031717300415
5,method_3,0.62,7,0.29092031717300415
5,method_3,0.63,8,0.2875634431838989
5,method_3,0.64,8,0.2875634431838989
5,method_3,0.65,9,0.28639376163482666
5,method_3,0.66,10,0.28290122747421265
5,method_3,0.67,10,0.28290122747421265
5,method_3,0.6799999999999999,11,0.274273157119751
5,method_3,0.69,12,0.26542115211486816
5,method_3,0.7,13,0.2616582214832306
5,method_3,0.71,14,0.2564132809638977
5,method_3,0.72,15,0.25137192010879517
5,method_3,0.73,15,0.25137192010879517
5,method_3,0.74,17,0.2384958416223526
5,method_3,0.75,18,0.23151323199272156
5,method_3,0.76,19,0.23053458333015442
5,method_3,0.77,20,0.22953978180885315
5,method_3,0.78,21,0.22800616919994354
5,method_3,0.79,23,0.2242022454738617
5,method_3,0.8,24,0.21311138570308685
5,method_3,0.81,26,0.20465213060379028
5,method_3,0.8200000000000001,28,0.20178253948688507
5,method_3,0.8300000000000001,29,0.200696662068367
5,method_3,0.8400000000000001,31,0.2011101245880127
5,method_3,0.8500000000000001,33,0.19574502110481262
5,method_3,0.86,35,0.19460947811603546
5,method_3,0.87,38,0.18209825456142426
5,method_3,0.88,40,0.1665775626897812
5,method_3,0.89,43,0.15751072764396667
5,method_3,0.9,45,0.15126943588256836
5,method_3,0.91,48,0.13526473939418793
5,method_3,0.9199999999999999,52,0.1197105422616005
5,method_3,0.9299999999999999,56,0.11845520883798599
5,method_3,0.94,60,0.10751605778932571
5,method_3,0.95,65,0.09466953575611115
5,method_3,0.96,71,0.08607786893844604
5,method_3,0.97,79,0.07145529985427856
5,method_3,0.98,89,0.054377537220716476
5,method_3,0.99,103,0.03795589879155159
5,method_4,0.5,8,0.2433311641216278
5,method_4,0.51,9,0.23796668648719788
5,method_4,0.52,9,0.23796668648719788
5,method_4,0.53,10,0.22763951122760773
5,method_4,0.54,10,0.22763951122760773
5,method_4,0.55,11,0.21653713285923004
5,method_4,0.56,11,0.21653713285923004
5,method_4,0.5700000000000001,12,0.20934756100177765
5,method_4,0.58,12,0.20934756100177765
5,method_4,0.59,13,0.19148343801498413
5,method_4,0.6,13,0.19148343801498413
5,method_4,0.61,14,0.185444638133049
5,method_4,0.62,15,0.17933997511863708
5,method_4,0.63,15,0.17933997511863708
5,method_4,0.64,16,0.16655053198337555
5,method_4,0.65,17,0.16247427463531494
5,method_4,0.66,18,0.15778446197509766
5,method_4,0.67,18,0.15778446197509766
5,method_4,0.6799999999999999,19,0.14610368013381958
5,method_4,0.69,20,0.13953444361686707
5,method_4,0.7,21,0.13497307896614075
5,method_4,0.71,22,0.12988117337226868
5,method_4,0.72,23,0.11769651621580124
5,method_4,0.73,24,0.11404427140951157
5,method_4,0.74,25,0.10645411163568497
5,method_4,0.75,26,0.10284563153982162
5,method_4,0.76,27,0.09359866380691528
5,method_4,0.77,29,0.08473824709653854
5,method_4,0.78,30,0.07839319109916687
5,method_4,0.79,31,0.07719803601503372
5,method_4,0.8,33,0.06827681511640549
5,method_4,0.81,34,0.06645211577415466
5,method_4,0.8200000000000001,36,0.06106739491224289
5,method_4,0.8300000000000001,38,0.056506939232349396
5,method_4,0.8400000000000001,40,0.048574645072221756
5,method_4,0.8500000000000001,42,0.04401874169707298
5,method_4,0.86,44,0.04126698523759842
5,method_4,0.87,46,0.037915900349617004
5,method_4,0.88,49,0.03142266720533371
5,method_4,0.89,51,0.03032144345343113
5,method_4,0.9,54,0.0277930349111557
5,method_4,0.91,57,0.02588443085551262
5,method_4,0.9199999999999999,61,0.021779637783765793
5,method_4,0.9299999999999999,64,0.018555838614702225
5,method_4,0.94,69,0.014329631812870502
5,method_4,0.95,74,0.011681432835757732
5,method_4,0.96,80,0.008968549780547619
5,method_4,0.97,87,0.006457232870161533
5,method_4,0.98,95,0.004595496226102114
5,method_4,0.99,107,0.002241582376882434
6,method_1,0.5,3,0.272339791059494
6,method_1,0.51,3,0.272339791059494
6,method_1,0.52,3,0.272339791059494
6,method_1,0.53,4,0.25545331835746765
6,method_1,0.54,4,0.25545331835746765
6,method_1,0.55,4,0.25545331835746765
6,method_1,0.56,5,0.24415768682956696
6,method_1,0.5700000000000001,5,0.24415768682956696
6,method_1,0.58,5,0.24415768682956696
6,method_1,0.59,6,0.22742541134357452
6,method_1,0.6,6,0.22742541134357452
6,method_1,0.61,7,0.22405864298343658
6,method_1,0.62,7,0.22405864298343658
6,method_1,0.63,8,0.23045845329761505
6,method_1,0.64,8,0.23045845329761505
6,method_1,0.65,9,0.20994269847869873
6,method_1,0.66,9,0.20994269847869873
6,method_1,0.67,10,0.20431290566921234
6,method_1,0.6799999999999999,11,0.20371823012828827
6,method_1,0.69,12,0.19510933756828308
6,method_1,0.7,12,0.19510933756828308
6,method_1,0.71,13,0.18614043295383453
6,method_1,0.72,14,0.17555232346057892
6,method_1,0.73,15,0.16868805885314941
6,method_1,0.74,16,0.16456130146980286
6,method_1,0.75,17,0.16066305339336395
6,method_1,0.76,18,0.16075800359249115
6,method_1,0.77,20,0.15100140869617462
6,method_1,0.78,21,0.14375001192092896
6,method_1,0.79,22,0.13322538137435913
6,method_1,0.8,24,0.12351631373167038
6,method_1,0.81,25,0.11572229117155075
6,method_1,0.8200000000000001,27,0.09248455613851547
6,method_1,0.8300000000000001,29,0.08762194961309433
6,method_1,0.8400000000000001,30,0.08685524016618729
6,method_1,0.8500000000000001,32,0.0863022580742836
6,method_1,0.86,34,0.07843432575464249
6,method_1,0.87,36,0.07851710170507431
6,method_1,0.88,39,0.06177555024623871
6,method_1,0.89,41,0.0644402727484703
6,method_1,0.9,44,0.04747452214360237
6,method_1,0.91,47,0.044526606798172
6,method_1,0.9199999999999999,51,0.043810658156871796
6,method_1,0.9299999999999999,54,0.042691413313150406
6,method_1,0.94,59,0.03589791804552078
6,method_1,0.95,64,0.03247828781604767
6,method_1,0.96,70,0.02597232162952423
6,method_1,0.97,77,0.028632117435336113
6,method_1,0.98,86,0.020253386348485947
6,method_1,0.99,99,0.013310411013662815
6,method_2,0.5,8,0.3331833779811859
6,method_2,0.51,9,0.3094879388809204
6,method_2,0.52,9,0.3094879388809204
6,method_2,0.53,10,0.3037748336791992
6,method_2,0.54,10,0.3037748336791992
6,method_2,0.55,11,0.2924543619155884
6,method_2,0.56,11,0.2924543619155884
6,method_2,0.5700000000000001,12,0.2744659185409546
6,method_2,0.58,12,0.2744659185409546
6,method_2,0.59,13,0.2612273097038269
6,method_2,0.6,13,0.2612273097038269
6,method_2,0.61,14,0.2479366958141327
6,method_2,0.62,15,0.23617447912693024
6,method_2,0.63,15,0.23617447912693024
6,method_2,0.64,16,0.23256152868270874
6,method_2,0.65,17,0.22255125641822815
6,method_2,0.66,18,0.21325469017028809
6,method_2,0.67,18,0.21325469017028809
6,method_2,0.6799999999999999,19,0.2044251561164856
6,method_2,0.69,20,0.2003774344921112
6,method_2,0.7,21,0.19674460589885712
6,method_2,0.71,22,0.1874067634344101
6,method_2,0.72,23,0.17853578925132751
6,method_2,0.73,24,0.17489305138587952
6,method_2,0.74,25,0.16416285932064056
6,method_2,0.75,26,0.16110652685165405
6,method_2,0.76,27,0.1448163390159607
6,method_2,0.77,28,0.14169612526893616
6,method_2,0.78,30,0.1281825602054596
6,method_2,0.79,31,0.12928271293640137
6,method_2,0.8,33,0.11994430422782898
6,method_2,0.81,34,0.11604006588459015
6,method_2,0.8200000000000001,36,0.11320091784000397
6,method_2,0.8300000000000001,38,0.09907858818769455
6,method_2,0.8400000000000001,39,0.0937696322798729
6,method_2,0.8500000000000001,41,0.09457966685295105
6,method_2,0.86,44,0.07741653174161911
6,method_2,0.87,46,0.07193836569786072
6,method_2,0.88,49,0.06959577649831772
6,method_2,0.89,51,0.06737782061100006
6,method_2,0.9,54,0.0641329437494278
6,method_2,0.91,57,0.05825413018465042
6,method_2,0.9199999999999999,61,0.05350678041577339
6,method_2,0.9299999999999999,65,0.041127219796180725
6,method_2,0.94,69,0.037145618349313736
6,method_2,0.95,74,0.036768630146980286
6,method_2,0.96,80,0.03542961925268173
6,method_2,0.97,87,0.02503969334065914
6,method_2,0.98,95,0.02181723155081272
6,method_2,0.99,106,0.014048930257558823
6,method_3,0.5,3,0.40031978487968445
6,method_3,0.51,3,0.40031978487968445
6,method_3,0.52,3,0.40031978487968445
6,method_3,0.53,4,0.3710794746875763
6,method_3,0.54,4,0.3710794746875763
6,method_3,0.55,4,0.3710794746875763
6,method_3,0.56,5,0.3325567841529846
6,method_3,0.5700000000000001,5,0.3325567841529846
6,method_3,0.58,5,0.3325567841529846
6,method_3,0.59,6,0.3113638162612915
6,method_3,0.6,6,0.3113638162612915
6,method_3,0.61,7,0.2984088361263275
6,method_3,0.62,7,0.2984088361263275
6,method_3,0.63,8,0.30102479457855225
6,method_3,0.64,8,0.30102479457855225
6,method_3,0.65,9,0.2886115610599518
6,method_3,0.66,10,0.2798338234424591
6,method_3,0.67,10,0.2798338234424591
6,method_3,0.6799999999999999,11,0.27567511796951294
6,method_3,0.69,12,0.2646982669830322
6,method_3,0.7,13,0.25927433371543884
6,method_3,0.71,14,0.23621489107608795
6,method_3,0.72,14,0.23621489107608795
6,method_3,0.73,16,0.2180311530828476
6,method_3,0.74,17,0.21560834348201752
6,method_3,0.75,18,0.21563683450222015
6,method_3,0.76,19,0.20139236748218536
6,method_3,0.77,20,0.2004656195640564
6,method_3,0.78,21,0.19959202408790588
6,method_3,0.79,23,0.1805139034986496
6,method_3,0.8,24,0.1769721657037735
6,method_3,0.81,26,0.1652716100215912
6,method_3,0.8200000000000001,27,0.15197569131851196
6,method_3,0.8300000000000001,29,0.14555968344211578
6,method_3,0.8400000000000001,31,0.14512020349502563
6,method_3,0.8500000000000001,33,0.1350630223751068
6,method_3,0.86,35,0.12892018258571625
6,method_3,0.87,37,0.12423454970121384
6,method_3,0.88,39,0.11895671486854553
6,method_3,0.89,42,0.11638803780078888
6,method_3,0.9,45,0.1032308042049408
6,method_3,0.91,48,0.10040783882141113
6,method_3,0.9199999999999999,52,0.09524986892938614
6,method_3,0.9299999999999999,55,0.09346024692058563
6,method_3,0.94,60,0.08759452402591705
6,method_3,0.95,65,0.07852201908826828
6,method_3,0.96,71,0.07196860015392303
6,method_3,0.97,79,0.07020530849695206
6,method_3,0.98,88,0.0587393194437027
6,method_3,0.99,103,0.04621183127164841
6,method_4,0.5,8,0.25424548983573914
6,method_4,0.51,9,0.23797227442264557
6,method_4,0.52,9,0.23797227442264557
6,method_4,0.53,10,0.22590264678001404
6,method_4,0.54,10,0.22590264678001404
6,method_4,0.55,11,0.2086014598608017
6,method_4,0.56,11,0.2086014598608017
6,method_4,0.5700000000000001,12,0.18987195193767548
6,method_4,0.58,12,0.18987195193767548
6,method_4,0.59,13,0.1791815608739853
6,method_4,0.6,13,0.1791815608739853
6,method_4,0.61,14,0.16905809938907623
6,method_4,0.62,15,0.15085700154304504
6,method_4,0.63,15,0.15085700154304504
6,method_4,0.64,16,0.14476771652698517
6,method_4,0.65,17,0.13429906964302063
6,method_4,0.66,18,0.12105076014995575
6,method_4,0.67,18,0.12105076014995575
6,method_4,0.6799999999999999,19,0.11787236481904984
6,method_4,0.69,20,0.11223798990249634
6,method_4,0.7,21,0.10686837136745453
6,method_4,0.71,22,0.10392095148563385
6,method_4,0.72,23,0.1003032848238945
6,method_4,0.73,24,0.09606102108955383
6,method_4,0.74,25,0.08830691874027252
6,method_4,0.75,26,0.08610960096120834
6,method_4,0.76,27,0.08299707621335983
6,method_4,0.77,28,0.07944833487272263
6,method_4,0.78,30,0.06731606274843216
6,method_4,0.79,31,0.06370467692613602
6,method_4,0.8,33,0.059340283274650574
6,method_4,0.81,34,0.0583142414689064
6,method_4,0.8200000000000001,36,0.054295312613248825
6,method_4,0.8300000000000001,38,0.050378404557704926
6,method_4,0.8400000000000001,39,0.046777546405792236
6,method_4,0.8500000000000001,41,0.04415367171168327
6,method_4,0.86,44,0.0395328514277935
6,method_4,0.87,46,0.03676411136984825
6,method_4,0.88,49,0.0333586223423481
6,method_4,0.89,51,0.03100232221186161
6,method_4,0.9,54,0.027900665998458862
6,method_4,0.91,57,0.02534816786646843
6,method_4,0.9199999999999999,61,0.021272758021950722
6,method_4,0.9299999999999999,65,0.01607583649456501
6,method_4,0.94,69,0.013671007938683033
6,method_4,0.95,74,0.011123011820018291
6,method_4,0.96,80,0.008981533348560333
6,method_4,0.97,87,0.0062920814380049706
6,method_4,0.98,95,0.0041361525654792786
6,method_4,0.99,106,0.0021012963261455297
7,method_1,0.5,3,0.22436262667179108
7,method_1,0.51,3,0.22436262667179108
7,method_1,0.52,3,0.22436262667179108
7,method_1,0.53,4,0.19728001952171326
7,method_1,0.54,4,0.19728001952171326
7,method_1,0.55,4,0.19728001952171326
7,method_1,0.56,5,0.19562982022762299
7,method_1,0.5700000000000001,5,0.19562982022762299
7,method_1,0.58,5,0.19562982022762299
7,method_1,0.59,6,0.19299207627773285
7,method_1,0.6,6,0.19299207627773285
7,method_1,0.61,7,0.1896444857120514
7,method_1,0.62,7,0.1896444857120514
7,method_1,0.63,8,0.19426780939102173
7,method_1,0.64,8,0.19426780939102173
7,method_1,0.65,9,0.18689100444316864
7,method_1,0.66,10,0.15855534374713898
7,method_1,0.67,11,0.15077108144760132
7,method_1,0.6799999999999999,11,0.15077108144760132
7,method_1,0.69,12,0.14909234642982483
7,method_1,0.7,13,0.1476764976978302
7,method_1,0.71,14,0.14630970358848572
7,method_1,0.72,15,0.14280526340007782
7,method_1,0.73,16,0.148027703166008
7,method_1,0.74,17,0.14768517017364502
7,method_1,0.75,18,0.158192977309227
7,method_1,0.76,19,0.15556298196315765
7,method_1,0.77,20,0.1495722085237503
7,method_1,0.78,22,0.1359311044216156
7,method_1,0.79,23,0.13442154228687286
7,method_1,0.8,24,0.1297939419746399
7,method_1,0.81,26,0.13065946102142334
7,method_1,0.8200000000000001,28,0.11881639063358307
7,method_1,0.8300000000000001,29,0.12024800479412079
7,method_1,0.8400000000000001,31,0.11941665410995483
7,method_1,0.8500000000000001,33,0.10817646235227585
7,method_1,0.86,35,0.09616807848215103
7,method_1,0.87,37,0.08502870798110962
7,method_1,0.88,39,0.07727041095495224
7,method_1,0.89,42,0.07956432551145554
7,method_1,0.9,45,0.060272037982940674
7,method_1,0.91,48,0.05695211887359619
7,method_1,0.9199999999999999,51,0.046620700508356094
7,method_1,0.9299999999999999,55,0.041210487484931946
7,method_1,0.94,60,0.04038795083761215
7,method_1,0.95,65,0.02941560558974743
7,method_1,0.96,71,0.020800963044166565
7,method_1,0.97,78,0.015409080311655998
7,method_1,0.98,87,0.0125620411708951
7,method_1,0.99,100,0.006199545226991177
7,method_2,0.5,9,0.25722798705101013
7,method_2,0.51,9,0.25722798705101013
7,method_2,0.52,10,0.242616206407547
7,method_2,0.53,10,0.242616206407547
7,method_2,0.54,11,0.22758762538433075
7,method_2,0.55,11,0.22758762538433075
7,method_2,0.56,12,0.22148360311985016
7,method_2,0.5700000000000001,12,0.22148360311985016
7,method_2,0.58,13,0.21970856189727783
7,method_2,0.59,13,0.21970856189727783
7,method_2,0.6,14,0.21712292730808258
7,method_2,0.61,15,0.2054167538881302
7,method_2,0.62,15,0.2054167538881302
7,method_2,0.63,16,0.19498053193092346
7,method_2,0.64,17,0.1948317438364029
7,method_2,0.65,17,0.1948317438364029
7,method_2,0.66,18,0.20298340916633606
7,method_2,0.67,19,0.19948013126850128
7,method_2,0.6799999999999999,20,0.19433140754699707
7,method_2,0.69,21,0.192880779504776
7,method_2,0.7,21,0.192880779504776
7,method_2,0.71,22,0.18118105828762054
7,method_2,0.72,23,0.1771596074104309
7,method_2,0.73,24,0.16851381957530975
7,method_2,0.74,26,0.16607490181922913
7,method_2,0.75,27,0.1598275601863861
7,method_2,0.76,28,0.1529698222875595
7,method_2,0.77,29,0.15130233764648438
7,method_2,0.78,30,0.14926347136497498
7,method_2,0.79,32,0.14451992511749268
7,method_2,0.8,33,0.13783110678195953
7,method_2,0.81,35,0.12510953843593597
7,method_2,0.8200000000000001,36,0.1156180202960968
7,method_2,0.8300000000000001,38,0.10925851762294769
7,method_2,0.8400000000000001,40,0.1026715487241745
7,method_2,0.8500000000000001,42,0.10394459962844849
7,method_2,0.86,44,0.0872386023402214
7,method_2,0.87,46,0.0844646617770195
7,method_2,0.88,49,0.07139550894498825
7,method_2,0.89,52,0.07377666980028152
7,method_2,0.9,55,0.06346199661493301
7,method_2,0.91,58,0.05985100939869881
7,method_2,0.9199999999999999,61,0.0520952008664608
7,method_2,0.9299999999999999,65,0.0435178205370903
7,method_2,0.94,69,0.035185687243938446
7,method_2,0.95,74,0.028588633984327316
7,method_2,0.96,80,0.022491592913866043
7,method_2,0.97,87,0.017988935112953186
7,method_2,0.98,95,0.012315090745687485
7,method_2,0.99,107,0.0054836031049489975
7,method_3,0.5,3,0.3424208462238312
7,method_3,0.51,3,0.3424208462238312
7,method_3,0.52,3,0.3424208462238312
7,method_3,0.53,4,0.3065488934516907
7,method_3,0.54,4,0.3065488934516907
7,method_3,0.55,4,0.3065488934516907
7,method_3,0.56,5,0.2540552318096161
7,method_3,0.5700000000000001,5,0.2540552318096161
7,method_3,0.58,5,0.2540552318096161
7,method_3,0.59,6,0.23778967559337616
7,method_3,0.6,6,0.23778967559337616
7,method_3,0.61,7,0.2321259081363678
7,method_3,0.62,7,0.2321259081363678
7,method_3,0.63,8,0.24038228392601013
7,method_3,0.64,9,0.23447179794311523
7,method_3,0.65,9,0.23447179794311523
7,method_3,0.66,10,0.22050374746322632
7,method_3,0.67,11,0.20737403631210327
7,method_3,0.6799999999999999,12,0.20165254175662994
7,method_3,0.69,12,0.20165254175662994
7,method_3,0.7,13,0.19792450964450836
7,method_3,0.71,14,0.19453682005405426
7,method_3,0.72,15,0.19045120477676392
7,method_3,0.73,16,0.1844089776277542
7,method_3,0.74,17,0.17620591819286346
7,method_3,0.75,18,0.17359676957130432
7,method_3,0.76,19,0.1732260137796402
7,method_3,0.77,21,0.17312400043010712
7,method_3,0.78,22,0.16035130620002747
7,method_3,0.79,23,0.16180120408535004
7,method_3,0.8,25,0.15660260617733002
7,method_3,0.81,26,0.15674225986003876
7,method_3,0.8200000000000001,28,0.14624187350273132
7,method_3,0.8300000000000001,30,0.14367154240608215
7,method_3,0.8400000000000001,32,0.1342894732952118
7,method_3,0.8500000000000001,33,0.13487696647644043
7,method_3,0.86,35,0.12676657736301422
7,method_3,0.87,38,0.11167798191308975
7,method_3,0.88,40,0.11005181074142456
7,method_3,0.89,43,0.10589821636676788
7,method_3,0.9,46,0.09283661097288132
7,method_3,0.91,49,0.08299500495195389
7,method_3,0.9199999999999999,52,0.08581296354532242
7,method_3,0.9299999999999999,56,0.07696167379617691
7,method_3,0.94,61,0.07363700866699219
7,method_3,0.95,66,0.06516803801059723
7,method_3,0.96,72,0.05332234501838684
7,method_3,0.97,80,0.04698126018047333
7,method_3,0.98,89,0.0417025201022625
7,method_3,0.99,103,0.03345658257603645
7,method_4,0.5,9,0.1849648356437683
7,method_4,0.51,9,0.1849648356437683
7,method_4,0.52,10,0.17750048637390137
7,method_4,0.53,10,0.17750048637390137
7,method_4,0.54,11,0.16399946808815002
7,method_4,0.55,11,0.16399946808815002
7,method_4,0.56,12,0.15374046564102173
7,method_4,0.5700000000000001,12,0.15374046564102173
7,method_4,0.58,13,0.14817753434181213
7,method_4,0.59,13,0.14817753434181213
7,method_4,0.6,14,0.14455923438072205
7,method_4,0.61,15,0.13151533901691437
7,method_4,0.62,15,0.13151533901691437
7,method_4,0.63,16,0.11603617668151855
7,method_4,0.64,17,0.1124499961733818
7,method_4,0.65,17,0.1124499961733818
7,method_4,0.66,18,0.1073930487036705
7,method_4,0.67,19,0.10377629101276398
7,method_4,0.6799999999999999,20,0.09902676194906235
7,method_4,0.69,21,0.09520140290260315
7,method_4,0.7,21,0.09520140290260315
7,method_4,0.71,22,0.09254147857427597
7,method_4,0.72,23,0.0896836370229721
7,method_4,0.73,24,0.08395365625619888
7,method_4,0.74,26,0.07839122414588928
7,method_4,0.75,27,0.07545959949493408
7,method_4,0.76,28,0.07215558737516403
7,method_4,0.77,29,0.06829620152711868
7,method_4,0.78,30,0.06659042090177536
7,method_4,0.79,32,0.062449630349874496
7,method_4,0.8,33,0.06023292988538742
7,method_4,0.81,35,0.05446890741586685
7,method_4,0.8200000000000001,36,0.05269654840230942
7,method_4,0.8300000000000001,38,0.048416867852211
7,method_4,0.8400000000000001,40,0.043478596955537796
7,method_4,0.8500000000000001,42,0.04050478711724281
7,method_4,0.86,44,0.038342706859111786
7,method_4,0.87,46,0.03658526763319969
7,method_4,0.88,49,0.032942332327365875
7,method_4,0.89,52,0.030766300857067108
7,method_4,0.9,55,0.028570419177412987
7,method_4,0.91,58,0.023163968697190285
7,method_4,0.9199999999999999,61,0.01951424777507782
7,method_4,0.9299999999999999,65,0.01720087043941021
7,method_4,0.94,69,0.015158629976212978
7,method_4,0.95,74,0.012156007811427116
7,method_4,0.96,80,0.008990519680082798
7,method_4,0.97,87,0.006012959871441126
7,method_4,0.98,95,0.00402840506285429
7,method_4,0.99,107,0.0017908738227561116
8,method_1,0.5,3,0.27352750301361084
8,method_1,0.51,3,0.27352750301361084
8,method_1,0.52,3,0.27352750301361084
8,method_1,0.53,3,0.27352750301361084
8,method_1,0.54,4,0.2545260190963745
8,method_1,0.55,4,0.2545260190963745
8,method_1,0.56,4,0.2545260190963745
8,method_1,0.5700000000000001,5,0.2534317672252655
8,method_1,0.58,5,0.2534317672252655
8,method_1,0.59,6,0.25727951526641846
8,method_1,0.6,6,0.25727951526641846
8,method_1,0.61,7,0.25715866684913635
8,method_1,0.62,7,0.25715866684913635
8,method_1,0.63,8,0.23157207667827606
8,method_1,0.64,8,0.23157207667827606
8,method_1,0.65,9,0.23802107572555542
8,method_1,0.66,9,0.23802107572555542
8,method_1,0.67,10,0.20554019510746002
8,method_1,0.6799999999999999,11,0.19963040947914124
8,method_1,0.69,11,0.19963040947914124
8,method_1,0.7,12,0.1698954850435257
8,method_1,0.71,13,0.17478054761886597
8,method_1,0.72,14,0.17479868233203888
8,method_1,0.73,15,0.16455546021461487
8,method_1,0.74,16,0.16911672055721283
8,method_1,0.75,17,0.16702842712402344
8,method_1,0.76,18,0.1599365919828415
8,method_1,0.77,19,0.15675806999206543
8,method_1,0.78,21,0.12986315786838531
8,method_1,0.79,22,0.12610316276550293
8,method_1,0.8,23,0.12383068352937698
8,method_1,0.81,25,0.11627715080976486
8,method_1,0.8200000000000001,26,0.1159689873456955
8,method_1,0.8300000000000001,28,0.10834759473800659
8,method_1,0.8400000000000001,30,0.10672920942306519
8,method_1,0.8500000000000001,32,0.09992623329162598
8,method_1,0.86,34,0.07524631917476654
8,method_1,0.87,36,0.07218564301729202
8,method_1,0.88,38,0.07131887227296829
8,method_1,0.89,41,0.06196228042244911
8,method_1,0.9,44,0.0582587830722332
8,method_1,0.91,47,0.054002076387405396
8,method_1,0.9199999999999999,50,0.046580880880355835
8,method_1,0.9299999999999999,54,0.04180780425667763
8,method_1,0.94,58,0.034174948930740356
8,method_1,0.95,63,0.02243928052484989
8,method_1,0.96,69,0.018159275874495506
8,method_1,0.97,76,0.01619243063032627
8,method_1,0.98,85,0.011275042779743671
8,method_1,0.99,99,0.005574740469455719
8,method_2,0.5,9,0.3112408220767975
8,method_2,0.51,9,0.3112408220767975
8,method_2,0.52,10,0.2930672764778137
8,method_2,0.53,10,0.2930672764778137
8,method_2,0.54,11,0.28065603971481323
8,method_2,0.55,11,0.28065603971481323
8,method_2,0.56,12,0.252171128988266
8,method_2,0.5700000000000001,12,0.252171128988266
8,method_2,0.58,13,0.25137513875961304
8,method_2,0.59,13,0.25137513875961304
8,method_2,0.6,14,0.2362857162952423
8,method_2,0.61,15,0.2278815656900406
8,method_2,0.62,15,0.2278815656900406
8,method_2,0.63,16,0.22743268311023712
8,method_2,0.64,17,0.21508365869522095
8,method_2,0.65,18,0.20613324642181396
8,method_2,0.66,18,0.20613324642181396
8,method_2,0.67,19,0.20167958736419678
8,method_2,0.6799999999999999,20,0.19002780318260193
8,method_2,0.69,21,0.18028579652309418
8,method_2,0.7,22,0.1739724725484848
8,method_2,0.71,23,0.17135079205036163
8,method_2,0.72,24,0.1697683185338974
8,method_2,0.73,25,0.16141057014465332
8,method_2,0.74,26,0.15881402790546417
8,method_2,0.75,27,0.15386077761650085
8,method_2,0.76,28,0.1500958651304245
8,method_2,0.77,29,0.14706286787986755
8,method_2,0.78,30,0.1443142294883728
8,method_2,0.79,32,0.13476108014583588
8,method_2,0.8,33,0.1326487958431244
8,method_2,0.81,35,0.10595507174730301
8,method_2,0.8200000000000001,36,0.1060679629445076
8,method_2,0.8300000000000001,38,0.10320695489645004
8,method_2,0.8400000000000001,40,0.09704595059156418
8,method_2,0.8500000000000001,42,0.08950262516736984
8,method_2,0.86,44,0.08572494983673096
8,method_2,0.87,47,0.07907981425523758
8,method_2,0.88,49,0.07038061320781708
8,method_2,0.89,52,0.06469054520130157
8,method_2,0.9,55,0.05840177461504936
8,method_2,0.91,58,0.053243353962898254
8,method_2,0.9199999999999999,61,0.04949050396680832
8,method_2,0.9299999999999999,65,0.036589547991752625
8,method_2,0.94,70,0.03119238093495369
8,method_2,0.95,75,0.027297858148813248
8,method_2,0.96,80,0.021336907520890236
8,method_2,0.97,87,0.017588794231414795
8,method_2,0.98,96,0.010362167842686176
8,method_2,0.99,107,0.004912081174552441
8,method_3,0.5,3,0.3839462399482727
8,method_3,0.51,3,0.3839462399482727
8,method_3,0.52,3,0.3839462399482727
8,method_3,0.53,3,0.3839462399482727
8,method_3,0.54,4,0.33868569135665894
8,method_3,0.55,4,0.33868569135665894
8,method_3,0.56,4,0.33868569135665894
8,method_3,0.5700000000000001,5,0.3320976793766022
8,method_3,0.58,5,0.3320976793766022
8,method_3,0.59,6,0.3294828236103058
8,method_3,0.6,6,0.3294828236103058
8,method_3,0.61,7,0.32781708240509033
8,method_3,0.62,7,0.32781708240509033
8,method_3,0.63,8,0.3035435974597931
8,method_3,0.64,8,0.3035435974597931
8,method_3,0.65,9,0.28479698300361633
8,method_3,0.66,10,0.2665993273258209
8,method_3,0.67,10,0.2665993273258209
8,method_3,0.6799999999999999,11,0.2533472776412964
8,method_3,0.69,12,0.2218697965145111
8,method_3,0.7,12,0.2218697965145111
8,method_3,0.71,13,0.2222011387348175
8,method_3,0.72,14,0.22148171067237854
8,method_3,0.73,15,0.21377292275428772
8,method_3,0.74,16,0.21024759113788605
8,method_3,0.75,17,0.19795037806034088
8,method_3,0.76,18,0.19078394770622253
8,method_3,0.77,20,0.17814449965953827
8,method_3,0.78,21,0.17214901745319366
8,method_3,0.79,22,0.16468262672424316
8,method_3,0.8,24,0.1609327793121338
8,method_3,0.81,25,0.1542753428220749
8,method_3,0.8200000000000001,27,0.14605240523815155
8,method_3,0.8300000000000001,28,0.1420663744211197
8,method_3,0.8400000000000001,30,0.13955238461494446
8,method_3,0.8500000000000001,32,0.1359906941652298
8,method_3,0.86,34,0.12325504422187805
8,method_3,0.87,36,0.11548170447349548
8,method_3,0.88,39,0.11059371381998062
8,method_3,0.89,42,0.1015748381614685
8,method_3,0.9,44,0.09864001721143723
8,method_3,0.91,48,0.09027253091335297
8,method_3,0.9199999999999999,51,0.08696705102920532
8,method_3,0.9299999999999999,55,0.08187288790941238
8,method_3,0.94,59,0.07533682137727737
8,method_3,0.95,64,0.06363674253225327
8,method_3,0.96,70,0.05732842534780502
8,method_3,0.97,78,0.050906408578157425
8,method_3,0.98,88,0.0431617870926857
8,method_3,0.99,102,0.03664068877696991
8,method_4,0.5,9,0.2145392745733261
8,method_4,0.51,9,0.2145392745733261
8,method_4,0.52,10,0.20724990963935852
8,method_4,0.53,10,0.20724990963935852
8,method_4,0.54,11,0.18940557539463043
8,method_4,0.55,11,0.18940557539463043
8,method_4,0.56,12,0.1729728728532791
8,method_4,0.5700000000000001,12,0.1729728728532791
8,method_4,0.58,13,0.16854991018772125
8,method_4,0.59,13,0.16854991018772125
8,method_4,0.6,14,0.1430603265762329
8,method_4,0.61,15,0.13556097447872162
8,method_4,0.62,15,0.13556097447872162
8,method_4,0.63,16,0.12770140171051025
8,method_4,0.64,17,0.11530960351228714
8,method_4,0.65,18,0.11103589832782745
8,method_4,0.66,18,0.11103589832782745
8,method_4,0.67,19,0.10513889789581299
8,method_4,0.6799999999999999,20,0.10394210368394852
8,method_4,0.69,21,0.10015735775232315
8,method_4,0.7,22,0.09655128419399261
8,method_4,0.71,23,0.09438537806272507
8,method_4,0.72,24,0.09107089787721634
8,method_4,0.73,25,0.0867806077003479
8,method_4,0.74,26,0.08321134001016617
8,method_4,0.75,27,0.07972484081983566
8,method_4,0.76,28,0.07767893373966217
8,method_4,0.77,29,0.0751400962471962
8,method_4,0.78,30,0.07138200849294662
8,method_4,0.79,32,0.06438235938549042
8,method_4,0.8,33,0.06113652139902115
8,method_4,0.81,35,0.05651332810521126
8,method_4,0.8200000000000001,36,0.05441657826304436
8,method_4,0.8300000000000001,38,0.05084950476884842
8,method_4,0.8400000000000001,40,0.04705668240785599
8,method_4,0.8500000000000001,42,0.04314323887228966
8,method_4,0.86,44,0.03956577181816101
8,method_4,0.87,47,0.03513214737176895
8,method_4,0.88,49,0.03160383924841881
8,method_4,0.89,52,0.028735516592860222
8,method_4,0.9,55,0.02631448581814766
8,method_4,0.91,58,0.023702995851635933
8,method_4,0.9199999999999999,61,0.021013304591178894
8,method_4,0.9299999999999999,65,0.0184152964502573
8,method_4,0.94,70,0.014662104658782482
8,method_4,0.95,75,0.012160021811723709
8,method_4,0.96,80,0.00950227864086628
8,method_4,0.97,87,0.006785391364246607
8,method_4,0.98,96,0.004379643592983484
8,method_4,0.99,107,0.0019370907684788108
9,method_1,0.5,3,0.24275150895118713
9,method_1,0.51,3,0.24275150895118713
9,method_1,0.52,3,0.24275150895118713
9,method_1,0.53,4,0.22651319205760956
9,method_1,0.54,4,0.22651319205760956
9,method_1,0.55,4,0.22651319205760956
9,method_1,0.56,5,0.23141169548034668
9,method_1,0.5700000000000001,5,0.23141169548034668
9,method_1,0.58,6,0.22017650306224823
9,method_1,0.59,6,0.22017650306224823
9,method_1,0.6,7,0.21015001833438873
9,method_1,0.61,7,0.21015001833438873
9,method_1,0.62,8,0.21506018936634064
9,method_1,0.63,8,0.21506018936634064
9,method_1,0.64,9,0.21500316262245178
9,method_1,0.65,9,0.21500316262245178
9,method_1,0.66,10,0.1877906769514084
9,method_1,0.67,11,0.18780238926410675
9,method_1,0.6799999999999999,12,0.1832313984632492
9,method_1,0.69,12,0.1832313984632492
9,method_1,0.7,13,0.17776672542095184
9,method_1,0.71,14,0.17762795090675354
9,method_1,0.72,15,0.18153229355812073
9,method_1,0.73,16,0.18439170718193054
9,method_1,0.74,17,0.17508605122566223
9,method_1,0.75,18,0.16870416700839996
9,method_1,0.76,20,0.1569247990846634
9,method_1,0.77,21,0.15041424334049225
9,method_1,0.78,22,0.15284790098667145
9,method_1,0.79,23,0.16038291156291962
9,method_1,0.8,25,0.15348689258098602
9,method_1,0.81,26,0.14849883317947388
9,method_1,0.8200000000000001,28,0.147260844707489
9,method_1,0.8300000000000001,30,0.11419956386089325
9,method_1,0.8400000000000001,31,0.11463527381420135
9,method_1,0.8500000000000001,33,0.10628186166286469
9,method_1,0.86,36,0.10376080870628357
9,method_1,0.87,38,0.09198980033397675
9,method_1,0.88,40,0.08444149792194366
9,method_1,0.89,43,0.0795331746339798
9,method_1,0.9,45,0.0765579342842102
9,method_1,0.91,48,0.068875752389431
9,method_1,0.9199999999999999,52,0.05281957983970642
9,method_1,0.9299999999999999,55,0.05109710246324539
9,method_1,0.94,59,0.04878969117999077
9,method_1,0.95,64,0.04055541008710861
9,method_1,0.96,70,0.03177148476243019
9,method_1,0.97,77,0.030600205063819885
9,method_1,0.98,86,0.014551195316016674
9,method_1,0.99,99,0.01412526611238718
9,method_2,0.5,8,0.2967488467693329
9,method_2,0.51,9,0.2896300256252289
9,method_2,0.52,9,0.2896300256252289
9,method_2,0.53,9,0.2896300256252289
9,method_2,0.54,10,0.26315218210220337
9,method_2,0.55,10,0.26315218210220337
9,method_2,0.56,11,0.24507446587085724
9,method_2,0.5700000000000001,11,0.24507446587085724
9,method_2,0.58,12,0.2397700697183609
9,method_2,0.59,13,0.23322467505931854
9,method_2,0.6,13,0.23322467505931854
9,method_2,0.61,14,0.23392856121063232
9,method_2,0.62,14,0.23392856121063232
9,method_2,0.63,15,0.2350216805934906
9,method_2,0.64,16,0.23251348733901978
9,method_2,0.65,17,0.2158326655626297
9,method_2,0.66,17,0.2158326655626297
9,method_2,0.67,18,0.2079268842935562
9,method_2,0.6799999999999999,19,0.19690130650997162
9,method_2,0.69,20,0.1934063583612442
9,method_2,0.7,21,0.19052964448928833
9,method_2,0.71,22,0.18831607699394226
9,method_2,0.72,23,0.1942444145679474
9,method_2,0.73,24,0.192471444606781
9,method_2,0.74,25,0.186922088265419
9,method_2,0.75,26,0.18080714344978333
9,method_2,0.76,27,0.17667332291603088
9,method_2,0.77,29,0.1759510636329651
9,method_2,0.78,30,0.14879491925239563
9,method_2,0.79,31,0.14732885360717773
9,method_2,0.8,33,0.1388934701681137
9,method_2,0.81,34,0.13676945865154266
9,method_2,0.8200000000000001,36,0.13412225246429443
9,method_2,0.8300000000000001,38,0.1198490783572197
9,method_2,0.8400000000000001,39,0.11286481469869614
9,method_2,0.8500000000000001,41,0.10829351842403412
9,method_2,0.86,44,0.10084863007068634
9,method_2,0.87,46,0.09447711706161499
9,method_2,0.88,48,0.09189534187316895
9,method_2,0.89,51,0.07765469700098038
9,method_2,0.9,54,0.07219643890857697
9,method_2,0.91,57,0.06697414070367813
9,method_2,0.9199999999999999,61,0.06275363266468048
9,method_2,0.9299999999999999,65,0.052638374269008636
9,method_2,0.94,69,0.04422876983880997
9,method_2,0.95,74,0.04274853691458702
9,method_2,0.96,80,0.032390475273132324
9,method_2,0.97,87,0.020098058506846428
9,method_2,0.98,95,0.02010883204638958
9,method_2,0.99,107,0.00587051548063755
9,method_3,0.5,3,0.3585250973701477
9,method_3,0.51,3,0.3585250973701477
9,method_3,0.52,4,0.3023194670677185
9,method_3,0.53,4,0.3023194670677185
9,method_3,0.54,4,0.3023194670677185
9,method_3,0.55,5,0.2893393635749817
9,method_3,0.56,5,0.2893393635749817
9,method_3,0.5700000000000001,5,0.2893393635749817
9,method_3,0.58,6,0.2786222994327545
9,method_3,0.59,6,0.2786222994327545
9,method_3,0.6,7,0.26747170090675354
9,method_3,0.61,7,0.26747170090675354
9,method_3,0.62,8,0.2725621163845062
9,method_3,0.63,8,0.2725621163845062
9,method_3,0.64,9,0.27666041254997253
9,method_3,0.65,10,0.2453046590089798
9,method_3,0.66,10,0.2453046590089798
9,method_3,0.67,11,0.23976413905620575
9,method_3,0.6799999999999999,12,0.23177675902843475
9,method_3,0.69,13,0.21900439262390137
9,method_3,0.7,14,0.21248024702072144
9,method_3,0.71,14,0.21248024702072144
9,method_3,0.72,15,0.21593424677848816
9,method_3,0.73,16,0.2224767506122589
9,method_3,0.74,18,0.21055307984352112
9,method_3,0.75,19,0.20208747684955597
9,method_3,0.76,20,0.20073077082633972
9,method_3,0.77,21,0.1989675760269165
9,method_3,0.78,22,0.19407236576080322
9,method_3,0.79,24,0.19247493147850037
9,method_3,0.8,25,0.18739743530750275
9,method_3,0.81,27,0.1723513901233673
9,method_3,0.8200000000000001,28,0.17260830104351044
9,method_3,0.8300000000000001,30,0.1548861712217331
9,method_3,0.8400000000000001,32,0.15020498633384705
9,method_3,0.8500000000000001,34,0.1423429548740387
9,method_3,0.86,36,0.1396000236272812
9,method_3,0.87,38,0.1311519891023636
9,method_3,0.88,41,0.1260632574558258
9,method_3,0.89,43,0.12077232450246811
9,method_3,0.9,46,0.11480758339166641
9,method_3,0.91,49,0.10839654505252838
9,method_3,0.9199999999999999,52,0.09961140900850296
9,method_3,0.9299999999999999,56,0.09451158344745636
9,method_3,0.94,61,0.0895431712269783
9,method_3,0.95,65,0.08185411244630814
9,method_3,0.96,71,0.07439053058624268
9,method_3,0.97,79,0.06701724231243134
9,method_3,0.98,88,0.05607626587152481
9,method_3,0.99,103,0.04311058670282364
9,method_4,0.5,8,0.20532040297985077
9,method_4,0.51,9,0.19055332243442535
9,method_4,0.52,9,0.19055332243442535
9,method_4,0.53,9,0.19055332243442535
9,method_4,0.54,10,0.17897076904773712
9,method_4,0.55,10,0.17897076904773712
9,method_4,0.56,11,0.15235349535942078
9,method_4,0.5700000000000001,11,0.15235349535942078
9,method_4,0.58,12,0.14795204997062683
9,method_4,0.59,13,0.14214758574962616
9,method_4,0.6,13,0.14214758574962616
9,method_4,0.61,14,0.13948623836040497
9,method_4,0.62,14,0.13948623836040497
9,method_4,0.63,15,0.13304388523101807
9,method_4,0.64,16,0.12321388721466064
9,method_4,0.65,17,0.11556036025285721
9,method_4,0.66,17,0.11556036025285721
9,method_4,0.67,18,0.11164818704128265
9,method_4,0.6799999999999999,19,0.1078486517071724
9,method_4,0.69,20,0.10315033048391342
9,method_4,0.7,21,0.09810985624790192
9,method_4,0.71,22,0.09424198418855667
9,method_4,0.72,23,0.09108919650316238
9,method_4,0.73,24,0.08787485957145691
9,method_4,0.74,25,0.08477512747049332
9,method_4,0.75,26,0.0798998773097992
9,method_4,0.76,27,0.07821063697338104
9,method_4,0.77,29,0.07315497100353241
9,method_4,0.78,30,0.07009490579366684
9,method_4,0.79,31,0.06730718165636063
9,method_4,0.8,33,0.06389571726322174
9,method_4,0.81,34,0.06208048388361931
9,method_4,0.8200000000000001,36,0.0587862990796566
9,method_4,0.8300000000000001,38,0.0503544807434082
9,method_4,0.8400000000000001,39,0.04717889428138733
9,method_4,0.8500000000000001,41,0.04394690319895744
9,method_4,0.86,44,0.04043111577630043
9,method_4,0.87,46,0.03703097999095917
9,method_4,0.88,48,0.03505675122141838
9,method_4,0.89,51,0.03111831471323967
9,method_4,0.9,54,0.02853146754205227
9,method_4,0.91,57,0.024061596021056175
9,method_4,0.9199999999999999,61,0.021481970325112343
9,method_4,0.9299999999999999,65,0.018817847594618797
9,method_4,0.94,69,0.015470043756067753
9,method_4,0.95,74,0.012657289393246174
9,method_4,0.96,80,0.009662089869379997
9,method_4,0.97,87,0.006899716332554817
9,method_4,0.98,95,0.004873486235737801
9,method_4,0.99,107,0.0025590062141418457
10,method_1,0.5,3,0.33991944789886475
10,method_1,0.51,3,0.33991944789886475
10,method_1,0.52,3,0.33991944789886475
10,method_1,0.53,3,0.33991944789886475
10,method_1,0.54,4,0.3161967992782593
10,method_1,0.55,4,0.3161967992782593
10,method_1,0.56,5,0.3038296103477478
10,method_1,0.5700000000000001,5,0.3038296103477478
10,method_1,0.58,5,0.3038296103477478
10,method_1,0.59,6,0.3170822858810425
10,method_1,0.6,6,0.3170822858810425
10,method_1,0.61,7,0.309140682220459
10,method_1,0.62,7,0.309140682220459
10,method_1,0.63,8,0.30875691771507263
10,method_1,0.64,8,0.30875691771507263
10,method_1,0.65,9,0.2970333397388458
10,method_1,0.66,10,0.29189518094062805
10,method_1,0.67,10,0.29189518094062805
10,method_1,0.6799999999999999,11,0.25538527965545654
10,method_1,0.69,12,0.25543898344039917
10,method_1,0.7,13,0.24976596236228943
10,method_1,0.71,13,0.24976596236228943
10,method_1,0.72,14,0.24850764870643616
10,method_1,0.73,15,0.24673360586166382
10,method_1,0.74,16,0.24870669841766357
10,method_1,0.75,17,0.2403569370508194
10,method_1,0.76,19,0.21493788063526154
10,method_1,0.77,20,0.2188972383737564
10,method_1,0.78,21,0.21400605142116547
10,method_1,0.79,22,0.21176296472549438
10,method_1,0.8,24,0.19840969145298004
10,method_1,0.81,25,0.1906997412443161
10,method_1,0.8200000000000001,27,0.16978539526462555
10,method_1,0.8300000000000001,28,0.14621517062187195
10,method_1,0.8400000000000001,30,0.13961535692214966
10,method_1,0.8500000000000001,32,0.1404767483472824
10,method_1,0.86,34,0.1205567866563797
10,method_1,0.87,36,0.10745222121477127
10,method_1,0.88,39,0.085748590528965
10,method_1,0.89,41,0.07934083789587021
10,method_1,0.9,44,0.07697439938783646
10,method_1,0.91,47,0.06840460747480392
10,method_1,0.9199999999999999,50,0.06511744856834412
10,method_1,0.9299999999999999,54,0.06216496601700783
10,method_1,0.94,59,0.052933838218450546
10,method_1,0.95,64,0.03957546129822731
10,method_1,0.96,70,0.035793744027614594
10,method_1,0.97,77,0.025440441444516182
10,method_1,0.98,86,0.015717361122369766
10,method_1,0.99,99,0.011709306389093399
10,method_2,0.5,9,0.382046103477478
10,method_2,0.51,9,0.382046103477478
10,method_2,0.52,10,0.3783220946788788
10,method_2,0.53,10,0.3783220946788788
10,method_2,0.54,11,0.3444092273712158
10,method_2,0.55,11,0.3444092273712158
10,method_2,0.56,12,0.3420478403568268
10,method_2,0.5700000000000001,12,0.3420478403568268
10,method_2,0.58,13,0.3194231390953064
10,method_2,0.59,13,0.3194231390953064
10,method_2,0.6,14,0.3151295781135559
10,method_2,0.61,15,0.3161892592906952
10,method_2,0.62,16,0.3140648901462555
10,method_2,0.63,16,0.3140648901462555
10,method_2,0.64,17,0.29636871814727783
10,method_2,0.65,18,0.27560266852378845
10,method_2,0.66,18,0.27560266852378845
10,method_2,0.67,19,0.2713301181793213
10,method_2,0.6799999999999999,20,0.27294182777404785
10,method_2,0.69,21,0.26527833938598633
10,method_2,0.7,22,0.2634078860282898
10,method_2,0.71,23,0.26041603088378906
10,method_2,0.72,24,0.2440631091594696
10,method_2,0.73,25,0.23653030395507812
10,method_2,0.74,26,0.22518174350261688
10,method_2,0.75,27,0.21705539524555206
10,method_2,0.76,29,0.17909307777881622
10,method_2,0.77,30,0.1740366518497467
10,method_2,0.78,31,0.17420068383216858
10,method_2,0.79,33,0.17331545054912567
10,method_2,0.8,34,0.1562696248292923
10,method_2,0.81,36,0.1391018182039261
10,method_2,0.8200000000000001,37,0.13472267985343933
10,method_2,0.8300000000000001,39,0.11466024070978165
10,method_2,0.8400000000000001,41,0.10745428502559662
10,method_2,0.8500000000000001,43,0.10167679190635681
10,method_2,0.86,45,0.09595311433076859
10,method_2,0.87,48,0.08907134085893631
10,method_2,0.88,50,0.0824190229177475
10,method_2,0.89,53,0.07780417054891586
10,method_2,0.9,56,0.06822455674409866
10,method_2,0.91,59,0.06543118506669998
10,method_2,0.9199999999999999,62,0.05360189080238342
10,method_2,0.9299999999999999,66,0.04523378238081932
10,method_2,0.94,71,0.04170772060751915
10,method_2,0.95,76,0.03401302173733711
10,method_2,0.96,81,0.02339153178036213
10,method_2,0.97,88,0.019428258761763573
10,method_2,0.98,97,0.015910327434539795
10,method_2,0.99,108,0.007015169132500887
10,method_3,0.5,3,0.45191049575805664
10,method_3,0.51,3,0.45191049575805664
10,method_3,0.52,3,0.45191049575805664
10,method_3,0.53,4,0.40548276901245117
10,method_3,0.54,4,0.40548276901245117
10,method_3,0.55,4,0.40548276901245117
10,method_3,0.56,5,0.39048078656196594
10,method_3,0.5700000000000001,5,0.39048078656196594
10,method_3,0.58,6,0.3719116747379303
10,method_3,0.59,6,0.3719116747379303
10,method_3,0.6,6,0.3719116747379303
10,method_3,0.61,7,0.3650137186050415
10,method_3,0.62,7,0.3650137186050415
10,method_3,0.63,8,0.3625216484069824
10,method_3,0.64,9,0.34644851088523865
10,method_3,0.65,9,0.34644851088523865
10,method_3,0.66,10,0.33705103397369385
10,method_3,0.67,11,0.3165878653526306
10,method_3,0.6799999999999999,11,0.3165878653526306
10,method_3,0.69,12,0.30923834443092346
10,method_3,0.7,13,0.29509976506233215
10,method_3,0.71,14,0.2935132086277008
10,method_3,0.72,15,0.2916903495788574
10,method_3,0.73,16,0.2883839011192322
10,method_3,0.74,17,0.27817896008491516
10,method_3,0.75,18,0.26736685633659363
10,method_3,0.76,19,0.26739105582237244
10,method_3,0.77,20,0.26623281836509705
10,method_3,0.78,21,0.25881990790367126
10,method_3,0.79,23,0.2495073825120926
10,method_3,0.8,24,0.24113984405994415
10,method_3,0.81,26,0.22994862496852875
10,method_3,0.8200000000000001,27,0.22209705412387848
10,method_3,0.8300000000000001,29,0.19942329823970795
10,method_3,0.8400000000000001,31,0.19578894972801208
10,method_3,0.8500000000000001,33,0.1930258572101593
10,method_3,0.86,35,0.1695106476545334
10,method_3,0.87,37,0.15671171247959137
10,method_3,0.88,39,0.14183467626571655
10,method_3,0.89,42,0.14032496511936188
10,method_3,0.9,45,0.1319967806339264
10,method_3,0.91,48,0.12570224702358246
10,method_3,0.9199999999999999,51,0.12080175429582596
10,method_3,0.9299999999999999,55,0.10806848108768463
10,method_3,0.94,60,0.10445261001586914
10,method_3,0.95,65,0.08880240470170975
10,method_3,0.96,71,0.08031880855560303
10,method_3,0.97,79,0.06427041441202164
10,method_3,0.98,88,0.05082722380757332
10,method_3,0.99,103,0.04144436866044998
10,method_4,0.5,9,0.294688880443573
10,method_4,0.51,9,0.294688880443573
10,method_4,0.52,10,0.27370795607566833
10,method_4,0.53,10,0.27370795607566833
10,method_4,0.54,11,0.2562781572341919
10,method_4,0.55,11,0.2562781572341919
10,method_4,0.56,12,0.23113088309764862
10,method_4,0.5700000000000001,12,0.23113088309764862
10,method_4,0.58,13,0.20335234701633453
10,method_4,0.59,13,0.20335234701633453
10,method_4,0.6,14,0.19428490102291107
10,method_4,0.61,15,0.19151367247104645
10,method_4,0.62,16,0.17390909790992737
10,method_4,0.63,16,0.17390909790992737
10,method_4,0.64,17,0.14638826251029968
10,method_4,0.65,18,0.13617472350597382
10,method_4,0.66,18,0.13617472350597382
10,method_4,0.67,19,0.1290407031774521
10,method_4,0.6799999999999999,20,0.12543542683124542
10,method_4,0.69,21,0.12148725986480713
10,method_4,0.7,22,0.1183130145072937
10,method_4,0.71,23,0.113226979970932
10,method_4,0.72,24,0.10711339116096497
10,method_4,0.73,25,0.10430644452571869
10,method_4,0.74,26,0.10260333865880966
10,method_4,0.75,27,0.09777481108903885
10,method_4,0.76,29,0.0719810426235199
10,method_4,0.77,30,0.06848131120204926
10,method_4,0.78,31,0.06695382297039032
10,method_4,0.79,33,0.0644390881061554
10,method_4,0.8,34,0.06329621374607086
10,method_4,0.81,36,0.05488339066505432
10,method_4,0.8200000000000001,37,0.05309727042913437
10,method_4,0.8300000000000001,39,0.04806329682469368
10,method_4,0.8400000000000001,41,0.04340772703289986
10,method_4,0.8500000000000001,43,0.038859713822603226
10,method_4,0.86,45,0.03485574945807457
10,method_4,0.87,48,0.030310267582535744
10,method_4,0.88,50,0.027051497250795364
10,method_4,0.89,53,0.02387126348912716
10,method_4,0.9,56,0.02046820893883705
10,method_4,0.91,59,0.018592454493045807
10,method_4,0.9199999999999999,62,0.016681427136063576
10,method_4,0.9299999999999999,66,0.014361596666276455
10,method_4,0.94,71,0.01111721433699131
10,method_4,0.95,76,0.008904056623578072
10,method_4,0.96,81,0.00719060143455863
10,method_4,0.97,88,0.0054632932879030704
10,method_4,0.98,97,0.003915624693036079
10,method_4,0.99,108,0.00207409355789423
